timestamp,timestamp_iso,temperature,temp_min_predicted,temp_max_predicted,pressure,humidity,wind_speed,rain_1h_predicted,cloud_cover,weather_description
1505260800,2017-09-13 00:00:00 +0000 UTC,63.57200000000004,62.6,64.4,1010,88,2,,90,Mist
1505264400,2017-09-13 01:00:00 +0000 UTC,62.780000000000044,60.8,64.4,1011,93,1,,90,Mist
1505268000,2017-09-13 02:00:00 +0000 UTC,61.88000000000004,60.8,62.6,1012,93,1,,90,Mist
1505271600,2017-09-13 03:00:00 +0000 UTC,62.20400000000005,60.8,62.6,1011,93,2,,90,Mist
1505275200,2017-09-13 04:00:00 +0000 UTC,62.24000000000002,60.8,64.4,1011,93,2,,75,Mist
1505278800,2017-09-13 05:00:00 +0000 UTC,60.998000000000026,60.8,62.6,1011,93,4,,90,Mist
1505282400,2017-09-13 06:00:00 +0000 UTC,61.19600000000005,60.8,62.6,1011,100,3,,90,Mist
1505286000,2017-09-13 07:00:00 +0000 UTC,61.39400000000008,60.8,62.6,1011,97,1,,90,Mist
1505289600,2017-09-13 08:00:00 +0000 UTC,60.98000000000004,59.0,62.6,1011,93,2,,90,Mist
1505293200,2017-09-13 09:00:00 +0000 UTC,60.998000000000026,59.0,62.6,1011,93,1,,75,Mist
1505296800,2017-09-13 10:00:00 +0000 UTC,61.39400000000008,59.0,64.4,1012,93,2,,90,Mist
1505296800,2017-09-13 10:00:00 +0000 UTC,61.39400000000008,59.0,64.4,1012,93,2,,90,Haze
1505300400,2017-09-13 11:00:00 +0000 UTC,61.32200000000004,60.8,62.6,1012,93,2,,90,Mist
1505304000,2017-09-13 12:00:00 +0000 UTC,61.16000000000008,60.8,62.6,1013,93,2,,90,Mist
1505307600,2017-09-13 13:00:00 +0000 UTC,61.44800000000002,60.8,62.6,1014,88,1,,40,Mist
1505307600,2017-09-13 13:00:00 +0000 UTC,61.44800000000002,60.8,62.6,1014,88,1,,40,Haze
1505311200,2017-09-13 14:00:00 +0000 UTC,63.248000000000026,60.8,66.2,1014,88,3,,75,Mist
1505314800,2017-09-13 15:00:00 +0000 UTC,65.46200000000006,64.4,68.0,1014,88,3,,90,Clouds
1505318400,2017-09-13 16:00:00 +0000 UTC,68.792,66.2,71.6,1015,64,4,,20,Clouds
1505322000,2017-09-13 17:00:00 +0000 UTC,71.942,69.8,73.4,1014,56,3,,40,Clouds
1505325600,2017-09-13 18:00:00 +0000 UTC,71.924,68.0,75.2,1014,68,3,,90,Clouds
1505329200,2017-09-13 19:00:00 +0000 UTC,73.4,69.8,75.2,1014,69,3,,90,Clouds
1505332800,2017-09-13 20:00:00 +0000 UTC,73.4,69.8,75.2,1014,69,3,,90,Clouds
1505336400,2017-09-13 21:00:00 +0000 UTC,72.91400000000003,69.8,75.2,1013,73,2,,90,Clouds
1505340000,2017-09-13 22:00:00 +0000 UTC,73.07600000000009,69.8,75.2,1013,73,3,,90,Clouds
1505343600,2017-09-13 23:00:00 +0000 UTC,71.43800000000005,69.8,73.4,1013,64,2,,90,Clouds
1505347200,2017-09-14 00:00:00 +0000 UTC,69.47600000000008,66.2,71.6,1013,100,2,,90,Clouds
1505350800,2017-09-14 01:00:00 +0000 UTC,67.80200000000008,64.4,69.8,1014,83,2,,90,Clouds
1505354400,2017-09-14 02:00:00 +0000 UTC,66.79400000000007,64.4,68.0,1014,100,1,,90,Clouds
1505358000,2017-09-14 03:00:00 +0000 UTC,65.82200000000003,62.6,69.8,1014,100,1,,90,Clouds
1505361600,2017-09-14 04:00:00 +0000 UTC,65.642,62.6,69.8,1014,100,1,,90,Clouds
1505365200,2017-09-14 05:00:00 +0000 UTC,65.58800000000005,62.6,68.0,1014,100,1,,90,Clouds
1505368800,2017-09-14 06:00:00 +0000 UTC,65.642,62.6,68.0,1014,100,1,,90,Mist
1505372400,2017-09-14 07:00:00 +0000 UTC,65.3,62.6,68.0,1014,100,1,,90,Mist
1505376000,2017-09-14 08:00:00 +0000 UTC,65.10200000000007,62.6,68.0,1014,100,1,,90,Clouds
1505379600,2017-09-14 09:00:00 +0000 UTC,64.92200000000004,62.6,68.0,1014,100,1,,90,Mist
1505383200,2017-09-14 10:00:00 +0000 UTC,65.10200000000007,62.6,68.0,1014,100,1,,90,Clouds
1505386800,2017-09-14 11:00:00 +0000 UTC,65.192,64.4,66.2,1015,100,1,,90,Clouds
1505390400,2017-09-14 12:00:00 +0000 UTC,64.92200000000004,64.4,66.2,1015,100,1,,90,Mist
1505394000,2017-09-14 13:00:00 +0000 UTC,65.21000000000008,62.6,68.0,1016,100,1,,90,Mist
1505397600,2017-09-14 14:00:00 +0000 UTC,66.50600000000003,64.4,69.8,1016,100,1,,90,Mist
1505401200,2017-09-14 15:00:00 +0000 UTC,69.58399999999999,68.0,71.6,1017,100,1,,90,Clouds
1505404800,2017-09-14 16:00:00 +0000 UTC,71.42000000000006,69.8,73.4,1017,83,1,,90,Clouds
1505408400,2017-09-14 17:00:00 +0000 UTC,73.76000000000008,71.6,77.0,1016,69,2,,90,Clouds
1505412000,2017-09-14 18:00:00 +0000 UTC,76.17200000000004,73.4,78.8,1017,69,2,,90,Clouds
1505415600,2017-09-14 19:00:00 +0000 UTC,77.0,75.2,78.8,1017,73,2,,90,Clouds
1505419200,2017-09-14 20:00:00 +0000 UTC,77.18000000000004,75.2,78.8,1016,74,2,,90,Clouds
1505422800,2017-09-14 21:00:00 +0000 UTC,77.54000000000002,77.0,78.8,1016,78,2,,90,Clouds
1505426400,2017-09-14 22:00:00 +0000 UTC,78.08000000000004,77.0,78.8,1016,74,2,,90,Clouds
1505430000,2017-09-14 23:00:00 +0000 UTC,77.81000000000009,75.2,80.6,1016,69,1,,40,Clouds
1505433600,2017-09-15 00:00:00 +0000 UTC,75.74000000000002,75.2,77.0,1016,88,1,,1,Clear
1505437200,2017-09-15 01:00:00 +0000 UTC,72.266,69.8,75.2,1017,100,1,,1,Mist
1505440800,2017-09-15 02:00:00 +0000 UTC,68.97200000000004,66.2,71.6,1017,100,1,,1,Mist
1505444400,2017-09-15 03:00:00 +0000 UTC,67.442,64.4,71.6,1017,100,1,,1,Mist
1505448000,2017-09-15 04:00:00 +0000 UTC,66.57800000000006,64.4,69.8,1018,86,1,,1,Mist
1505451600,2017-09-15 05:00:00 +0000 UTC,66.00200000000008,62.6,69.8,1018,92,1,,1,Mist
1505451600,2017-09-15 05:00:00 +0000 UTC,66.00200000000008,62.6,69.8,1018,92,1,,1,Haze
1505455200,2017-09-15 06:00:00 +0000 UTC,64.74199999999999,62.6,68.0,1018,93,1,,1,Mist
1505455200,2017-09-15 06:00:00 +0000 UTC,64.74199999999999,62.6,68.0,1018,93,1,,1,Haze
1505458800,2017-09-15 07:00:00 +0000 UTC,64.20200000000008,60.8,68.0,1018,93,1,,1,Mist
1505462400,2017-09-15 08:00:00 +0000 UTC,62.6,60.8,66.2,1017,100,1,,1,Mist
1505466000,2017-09-15 09:00:00 +0000 UTC,62.22200000000004,59.0,66.2,1017,100,1,,1,Mist
1505469600,2017-09-15 10:00:00 +0000 UTC,63.320000000000064,60.8,68.0,1018,100,1,,75,Mist
1505473200,2017-09-15 11:00:00 +0000 UTC,63.662000000000056,60.8,68.0,1019,87,1,,90,Mist
1505473200,2017-09-15 11:00:00 +0000 UTC,63.662000000000056,60.8,68.0,1019,87,1,,90,Haze
1505476800,2017-09-15 12:00:00 +0000 UTC,62.42000000000006,60.8,66.2,1019,93,1,,20,Mist
1505480400,2017-09-15 13:00:00 +0000 UTC,64.22000000000006,60.8,69.8,1020,88,1,,1,Mist
1505480400,2017-09-15 13:00:00 +0000 UTC,64.22000000000006,60.8,69.8,1020,88,1,,1,Haze
1505484000,2017-09-15 14:00:00 +0000 UTC,67.08200000000002,62.6,71.6,1020,88,2,,1,Mist
1505487600,2017-09-15 15:00:00 +0000 UTC,72.392,66.2,78.8,1021,83,1,,1,Clear
1505491200,2017-09-15 16:00:00 +0000 UTC,77.16200000000006,75.2,80.6,1020,74,1,,40,Clouds
1505494800,2017-09-15 17:00:00 +0000 UTC,79.61000000000008,77.0,82.4,1020,69,1,,75,Clouds
1505498400,2017-09-15 18:00:00 +0000 UTC,80.43800000000005,78.8,82.4,1020,74,1,,75,Clouds
1505502000,2017-09-15 19:00:00 +0000 UTC,81.32000000000006,80.6,84.2,1019,58,1,,40,Clouds
1505505600,2017-09-15 20:00:00 +0000 UTC,82.90400000000005,82.4,84.2,1019,65,1,,40,Clouds
1505509200,2017-09-15 21:00:00 +0000 UTC,82.74199999999999,80.6,87.8,1019,55,1,,40,Clouds
1505512800,2017-09-15 22:00:00 +0000 UTC,83.84000000000002,82.4,86.0,1019,58,1,,90,Clouds
1505516400,2017-09-15 23:00:00 +0000 UTC,82.88600000000007,80.6,84.2,1018,66,1,,1,Clear
1505520000,2017-09-16 00:00:00 +0000 UTC,79.28600000000007,77.0,82.4,1018,78,1,,1,Clear
1505523600,2017-09-16 01:00:00 +0000 UTC,75.18200000000002,69.8,78.8,1019,83,1,,75,Clouds
1505527200,2017-09-16 02:00:00 +0000 UTC,73.38200000000002,68.0,77.0,1019,83,2,,1,Clear
1505530800,2017-09-16 03:00:00 +0000 UTC,72.78800000000004,69.8,77.0,1020,83,2,,1,Mist
1505534400,2017-09-16 04:00:00 +0000 UTC,71.22200000000004,66.2,75.2,1020,83,2,,1,Mist
1505538000,2017-09-16 05:00:00 +0000 UTC,69.42200000000004,64.4,73.4,1020,88,1,,1,Mist
1505541600,2017-09-16 06:00:00 +0000 UTC,68.342,64.4,73.4,1020,100,1,,1,Mist
1505545200,2017-09-16 07:00:00 +0000 UTC,67.442,62.6,73.4,1020,100,1,,1,Mist
1505548800,2017-09-16 08:00:00 +0000 UTC,66.542,62.6,69.8,1020,100,1,,1,Mist
1505552400,2017-09-16 09:00:00 +0000 UTC,66.18200000000002,62.6,71.6,1020,100,1,,1,Mist
1505556000,2017-09-16 10:00:00 +0000 UTC,65.84000000000002,60.8,69.8,1020,87,1,,1,Mist
1505559600,2017-09-16 11:00:00 +0000 UTC,65.62400000000001,62.6,69.8,1021,86,1,,1,Mist
1505563200,2017-09-16 12:00:00 +0000 UTC,64.88600000000007,60.8,69.8,1021,100,1,,1,Mist
1505566800,2017-09-16 13:00:00 +0000 UTC,66.00200000000008,62.6,71.6,1022,100,1,,1,Mist
1505570400,2017-09-16 14:00:00 +0000 UTC,69.458,64.4,73.4,1022,100,1,,1,Mist
1505574000,2017-09-16 15:00:00 +0000 UTC,74.10200000000007,71.6,77.0,1022,83,2,,75,Clouds
1505577600,2017-09-16 16:00:00 +0000 UTC,78.60200000000007,77.0,80.6,1022,78,2,,40,Clouds
1505581200,2017-09-16 17:00:00 +0000 UTC,81.30200000000008,80.6,82.4,1021,69,1,,90,Clouds
1505584800,2017-09-16 18:00:00 +0000 UTC,82.4,80.6,84.2,1021,69,1,,90,Clouds
1505588400,2017-09-16 19:00:00 +0000 UTC,83.82200000000003,82.4,86.0,1021,62,1,,75,Clouds
1505592000,2017-09-16 20:00:00 +0000 UTC,84.02000000000007,82.4,86.0,1020,58,1,,75,Clouds
1505595600,2017-09-16 21:00:00 +0000 UTC,84.84800000000003,82.4,87.8,1020,58,1,,90,Clouds
1505599200,2017-09-16 22:00:00 +0000 UTC,84.68600000000006,82.4,86.0,1019,74,1,,75,Clouds
1505602800,2017-09-16 23:00:00 +0000 UTC,83.3,82.4,84.2,1019,74,1,,40,Clouds
1505606400,2017-09-17 00:00:00 +0000 UTC,81.51800000000009,78.8,84.2,1019,94,1,,40,Clouds
1505610000,2017-09-17 01:00:00 +0000 UTC,75.90200000000007,73.4,78.8,1020,100,1,,90,Clouds
1505613600,2017-09-17 02:00:00 +0000 UTC,74.04800000000003,71.6,78.8,1020,83,1,,90,Mist
1505617200,2017-09-17 03:00:00 +0000 UTC,73.38200000000002,71.6,77.0,1020,83,1,,75,Clouds
1505620800,2017-09-17 04:00:00 +0000 UTC,70.98800000000004,69.8,75.2,1020,100,1,,40,Mist
1505624400,2017-09-17 05:00:00 +0000 UTC,70.19600000000005,69.8,71.6,1020,89,1,,40,Mist
1505628000,2017-09-17 06:00:00 +0000 UTC,69.60200000000007,68.0,73.4,1020,89,1,,1,Mist
1505631600,2017-09-17 07:00:00 +0000 UTC,68.342,66.2,71.6,1020,89,1,,1,Mist
1505631600,2017-09-17 07:00:00 +0000 UTC,68.342,66.2,71.6,1020,89,1,,1,Haze
1505635200,2017-09-17 08:00:00 +0000 UTC,67.01000000000008,64.4,69.8,1019,100,1,,75,Mist
1505638800,2017-09-17 09:00:00 +0000 UTC,66.41600000000001,64.4,71.6,1019,93,1,,1,Mist
1505642400,2017-09-17 10:00:00 +0000 UTC,66.00200000000008,64.4,69.8,1019,100,1,,90,Mist
1505646000,2017-09-17 11:00:00 +0000 UTC,65.60600000000002,62.6,69.8,1020,100,1,,40,Mist
1505649600,2017-09-17 12:00:00 +0000 UTC,65.46200000000006,62.6,69.8,1021,100,1,,90,Mist
1505649600,2017-09-17 12:00:00 +0000 UTC,65.46200000000006,62.6,69.8,1021,100,1,,90,Fog
1505653200,2017-09-17 13:00:00 +0000 UTC,66.36200000000005,64.4,71.6,1021,100,1,,90,Mist
1505656800,2017-09-17 14:00:00 +0000 UTC,71.09600000000005,68.0,77.0,1022,100,1,,90,Mist
1505660400,2017-09-17 15:00:00 +0000 UTC,75.65,71.6,80.6,1022,78,1,,90,Clouds
1505664000,2017-09-17 16:00:00 +0000 UTC,80.22200000000004,78.8,82.4,1022,74,1,,40,Clouds
1505667600,2017-09-17 17:00:00 +0000 UTC,82.20200000000008,80.6,84.2,1021,62,2,,1,Clear
1505671200,2017-09-17 18:00:00 +0000 UTC,83.3,80.6,86.0,1020,54,1,,75,Clouds
1505674800,2017-09-17 19:00:00 +0000 UTC,85.33399999999999,84.2,87.8,1020,51,1,,75,Clouds
1505678400,2017-09-17 20:00:00 +0000 UTC,86.32400000000001,84.2,89.6,1019,52,2,,1,Clear
1505682000,2017-09-17 21:00:00 +0000 UTC,86.14400000000008,82.4,89.6,1019,55,2,,40,Clouds
1505685600,2017-09-17 22:00:00 +0000 UTC,87.08000000000004,86.0,87.8,1019,55,2,,1,Clear
1505689200,2017-09-17 23:00:00 +0000 UTC,85.46000000000008,84.2,86.0,1019,58,1,,1,Clear
1505692800,2017-09-18 00:00:00 +0000 UTC,81.86000000000008,78.8,84.2,1019,78,2,,40,Clouds
1505696400,2017-09-18 01:00:00 +0000 UTC,76.67600000000009,69.8,82.4,1019,83,2,,1,Clear
1505700000,2017-09-18 02:00:00 +0000 UTC,73.20200000000008,68.0,77.0,1019,88,2,,1,Clear
1505703600,2017-09-18 03:00:00 +0000 UTC,72.30200000000008,68.0,77.0,1019,88,1,,1,Mist
1505707200,2017-09-18 04:00:00 +0000 UTC,70.66400000000003,66.2,75.2,1019,88,1,,1,Mist
1505710800,2017-09-18 05:00:00 +0000 UTC,69.76400000000004,64.4,75.2,1019,88,1,,1,Mist
1505714400,2017-09-18 06:00:00 +0000 UTC,67.62200000000004,62.6,71.6,1019,100,2,,1,Mist
1505718000,2017-09-18 07:00:00 +0000 UTC,66.72200000000004,62.6,71.6,1019,100,2,,1,Mist
1505721600,2017-09-18 08:00:00 +0000 UTC,66.00200000000008,62.6,69.8,1018,100,1,,1,Mist
1505725200,2017-09-18 09:00:00 +0000 UTC,64.74199999999999,60.8,68.0,1018,88,1,,1,Mist
1505728800,2017-09-18 10:00:00 +0000 UTC,64.59800000000003,62.6,69.8,1018,100,1,,90,Mist
1505732400,2017-09-18 11:00:00 +0000 UTC,62.978000000000065,60.8,68.0,1018,88,2,,1,Mist
1505732400,2017-09-18 11:00:00 +0000 UTC,62.978000000000065,60.8,68.0,1018,88,2,,1,Fog
1505736000,2017-09-18 12:00:00 +0000 UTC,64.058,60.8,69.8,1018,93,1,,1,Mist
1505736000,2017-09-18 12:00:00 +0000 UTC,64.058,60.8,69.8,1018,93,1,,1,Fog
1505739600,2017-09-18 13:00:00 +0000 UTC,64.184,60.8,71.6,1019,94,2,,1,Mist
1505739600,2017-09-18 13:00:00 +0000 UTC,64.184,60.8,71.6,1019,94,2,,1,Fog
1505743200,2017-09-18 14:00:00 +0000 UTC,69.78200000000001,64.4,77.0,1019,73,1,,1,Mist
1505746800,2017-09-18 15:00:00 +0000 UTC,74.984,73.4,80.6,1020,65,1,,1,Clear
1505750400,2017-09-18 16:00:00 +0000 UTC,78.27800000000006,73.4,82.4,1020,65,1,,1,Clear
1505754000,2017-09-18 17:00:00 +0000 UTC,82.184,80.6,84.2,1019,58,2,,1,Clear
1505757600,2017-09-18 18:00:00 +0000 UTC,83.984,82.4,86.0,1018,45,2,,1,Clear
1505761200,2017-09-18 19:00:00 +0000 UTC,85.78399999999999,84.2,87.8,1018,52,3,,1,Clear
1505764800,2017-09-18 20:00:00 +0000 UTC,86.54000000000002,84.2,89.6,1018,52,2,,40,Clouds
1505768400,2017-09-18 21:00:00 +0000 UTC,86.9,86.0,87.8,1016,42,2,,20,Clouds
1505772000,2017-09-18 22:00:00 +0000 UTC,86.32400000000001,84.2,87.8,1017,52,1,,1,Clear
1505775600,2017-09-18 23:00:00 +0000 UTC,84.2,82.4,86.0,1016,51,2,,20,Clouds
1505779200,2017-09-19 00:00:00 +0000 UTC,81.44600000000005,78.8,84.2,1016,57,2,,20,Clouds
1505782800,2017-09-19 01:00:00 +0000 UTC,76.83800000000005,71.6,80.6,1017,78,1,,1,Clear
1505786400,2017-09-19 02:00:00 +0000 UTC,74.28200000000001,71.6,78.8,1017,73,1,,1,Clear
1505790000,2017-09-19 03:00:00 +0000 UTC,70.77200000000003,66.2,73.4,1018,83,1,,1,Clear
1505793600,2017-09-19 04:00:00 +0000 UTC,70.592,68.0,75.2,1017,88,1,,1,Mist
1505797200,2017-09-19 05:00:00 +0000 UTC,67.98200000000001,64.4,69.8,1017,100,1,,1,Mist
1505800800,2017-09-19 06:00:00 +0000 UTC,67.424,62.6,73.4,1017,83,1,,1,Clear
1505804400,2017-09-19 07:00:00 +0000 UTC,66.36200000000005,62.6,71.6,1016,83,1,,1,Mist
1505808000,2017-09-19 08:00:00 +0000 UTC,65.39000000000001,62.6,69.8,1015,100,1,,1,Mist
1505811600,2017-09-19 09:00:00 +0000 UTC,65.46200000000006,62.6,69.8,1016,83,1,,1,Mist
1505815200,2017-09-19 10:00:00 +0000 UTC,64.38200000000002,60.8,68.0,1016,100,1,,1,Mist
1505818800,2017-09-19 11:00:00 +0000 UTC,64.38200000000002,60.8,69.8,1017,94,2,,1,Mist
1505822400,2017-09-19 12:00:00 +0000 UTC,63.48200000000001,60.8,68.0,1017,94,1,,1,Mist
1505826000,2017-09-19 13:00:00 +0000 UTC,65.26400000000004,60.8,69.8,1018,77,2,,1,Mist
1505829600,2017-09-19 14:00:00 +0000 UTC,69.74600000000005,64.4,75.2,1018,73,2,,1,Mist
1505833200,2017-09-19 15:00:00 +0000 UTC,74.80400000000006,71.6,78.8,1018,74,1,,1,Clear
1505836800,2017-09-19 16:00:00 +0000 UTC,79.50200000000008,77.0,82.4,1018,65,1,,1,Clear
1505840400,2017-09-19 17:00:00 +0000 UTC,82.20200000000008,80.6,84.2,1017,48,2,,1,Clear
1505844000,2017-09-19 18:00:00 +0000 UTC,83.642,82.4,86.0,1017,55,3,,1,Clear
1505847600,2017-09-19 19:00:00 +0000 UTC,85.1,84.2,86.0,1016,51,1,,1,Clear
1505851200,2017-09-19 20:00:00 +0000 UTC,86.81000000000009,84.2,89.6,1016,49,1,,1,Clear
1505854800,2017-09-19 21:00:00 +0000 UTC,87.44000000000003,86.0,89.6,1015,45,1,,40,Clouds
1505858400,2017-09-19 22:00:00 +0000 UTC,87.08000000000004,84.2,89.6,1016,58,1,,1,Thunderstorm
1505862000,2017-09-19 23:00:00 +0000 UTC,83.73200000000001,78.8,87.8,1016,74,1,,1,Clear
1505865600,2017-09-20 00:00:00 +0000 UTC,79.95200000000008,75.2,84.2,1016,73,1,0.3,1,Rain
1505869200,2017-09-20 01:00:00 +0000 UTC,76.98200000000001,73.4,80.6,1016,100,3,0.3,75,Rain
1505872800,2017-09-20 02:00:00 +0000 UTC,76.17200000000004,73.4,80.6,1016,100,1,,1,Clear
1505876400,2017-09-20 03:00:00 +0000 UTC,74.60600000000002,71.6,78.8,1016,100,1,0.3,1,Rain
1505880000,2017-09-20 04:00:00 +0000 UTC,73.20200000000008,69.8,75.2,1016,100,0,,1,Clear
1505883600,2017-09-20 05:00:00 +0000 UTC,72.21200000000006,69.8,75.2,1017,100,0,,1,Mist
1505887200,2017-09-20 06:00:00 +0000 UTC,70.808,68.0,73.4,1017,100,3,,40,Mist
1505890800,2017-09-20 07:00:00 +0000 UTC,69.8,68.0,71.6,1017,76,2,,1,Haze
1505890800,2017-09-20 07:00:00 +0000 UTC,69.8,68.0,71.6,1017,76,2,,1,Mist
1505894400,2017-09-20 08:00:00 +0000 UTC,69.60200000000007,66.2,71.6,1017,93,1,,1,Mist
1505898000,2017-09-20 09:00:00 +0000 UTC,68.54000000000002,64.4,71.6,1017,93,1,,1,Mist
1505901600,2017-09-20 10:00:00 +0000 UTC,67.46000000000008,64.4,69.8,1017,93,1,,1,Mist
1505901600,2017-09-20 10:00:00 +0000 UTC,67.46000000000008,64.4,69.8,1017,93,1,,1,Fog
1505905200,2017-09-20 11:00:00 +0000 UTC,66.92000000000006,64.4,69.8,1017,100,1,,90,Mist
1505905200,2017-09-20 11:00:00 +0000 UTC,66.92000000000006,64.4,69.8,1017,100,1,,90,Fog
1505905200,2017-09-20 11:00:00 +0000 UTC,66.92000000000006,64.4,69.8,1017,100,1,,90,Haze
1505908800,2017-09-20 12:00:00 +0000 UTC,66.52400000000002,64.4,69.8,1018,92,1,,90,Mist
1505908800,2017-09-20 12:00:00 +0000 UTC,66.52400000000002,64.4,69.8,1018,92,1,,90,Fog
1505912400,2017-09-20 13:00:00 +0000 UTC,67.316,64.4,71.6,1019,94,1,,75,Mist
1505912400,2017-09-20 13:00:00 +0000 UTC,67.316,64.4,71.6,1019,94,1,,75,Fog
1505916000,2017-09-20 14:00:00 +0000 UTC,72.48200000000001,69.8,77.0,1019,68,1,,1,Haze
1505916000,2017-09-20 14:00:00 +0000 UTC,72.48200000000001,69.8,77.0,1019,68,1,,1,Mist
1505919600,2017-09-20 15:00:00 +0000 UTC,78.04400000000007,73.4,82.4,1019,61,1,,1,Clear
1505923200,2017-09-20 16:00:00 +0000 UTC,82.04000000000002,80.6,82.4,1019,69,2,,1,Clear
1505926800,2017-09-20 17:00:00 +0000 UTC,84.39800000000002,84.2,86.0,1019,66,2,,1,Clear
1505930400,2017-09-20 18:00:00 +0000 UTC,86.16200000000006,84.2,87.8,1019,52,2,,1,Clear
1505934000,2017-09-20 19:00:00 +0000 UTC,87.38600000000007,86.0,87.8,1018,55,2,,1,Clear
1505937600,2017-09-20 20:00:00 +0000 UTC,88.592,87.8,89.6,1017,43,2,,40,Clouds
1505941200,2017-09-20 21:00:00 +0000 UTC,88.16000000000008,87.8,89.6,1017,58,1,,1,Clear
1505944800,2017-09-20 22:00:00 +0000 UTC,87.8,87.8,87.8,1016,43,2,,20,Clouds
1505948400,2017-09-20 23:00:00 +0000 UTC,86.0,84.2,87.8,1016,48,3,,20,Clouds
1505952000,2017-09-21 00:00:00 +0000 UTC,82.41800000000009,78.8,86.0,1017,83,2,,1,Clear
1505955600,2017-09-21 01:00:00 +0000 UTC,79.34000000000002,77.0,80.6,1018,88,2,,1,Clear
1505959200,2017-09-21 02:00:00 +0000 UTC,75.50600000000003,71.6,78.8,1018,78,1,,1,Clear
1505962800,2017-09-21 03:00:00 +0000 UTC,74.26400000000004,69.8,78.8,1018,78,2,,1,Mist
1505966400,2017-09-21 04:00:00 +0000 UTC,73.20200000000008,71.6,75.2,1018,100,1,,1,Clear
1505970000,2017-09-21 05:00:00 +0000 UTC,71.78000000000004,68.0,75.2,1018,100,1,,1,Mist
1505973600,2017-09-21 06:00:00 +0000 UTC,69.96200000000006,66.2,73.4,1018,100,1,,1,Mist
1505977200,2017-09-21 07:00:00 +0000 UTC,69.09800000000003,66.2,73.4,1018,100,1,,1,Clear
1505980800,2017-09-21 08:00:00 +0000 UTC,67.98200000000001,64.4,71.6,1018,90,1,,1,Mist
1505984400,2017-09-21 09:00:00 +0000 UTC,68.16200000000006,64.4,71.6,1018,90,1,,1,Mist
1505988000,2017-09-21 10:00:00 +0000 UTC,67.58600000000007,64.4,71.6,1018,100,1,,75,Mist
1505991600,2017-09-21 11:00:00 +0000 UTC,66.39800000000002,62.6,69.8,1018,93,1,,1,Mist
1505995200,2017-09-21 12:00:00 +0000 UTC,66.99199999999999,62.6,71.6,1019,100,2,,1,Mist
1505998800,2017-09-21 13:00:00 +0000 UTC,67.98200000000001,64.4,73.4,1019,83,1,,1,Mist
1506002400,2017-09-21 14:00:00 +0000 UTC,72.69800000000002,66.2,78.8,1020,94,2,,1,Mist
1506016800,2017-09-21 18:00:00 +0000 UTC,86.16200000000006,84.2,87.8,1018,55,2,,40,Clouds
1506020400,2017-09-21 19:00:00 +0000 UTC,88.7,87.8,89.6,1018,52,3,,1,Clear
1506024000,2017-09-21 20:00:00 +0000 UTC,88.16000000000008,86.0,89.6,1017,52,1,,40,Clouds
1506027600,2017-09-21 21:00:00 +0000 UTC,89.24000000000002,87.8,91.4,1017,52,2,,1,Clear
1506031200,2017-09-21 22:00:00 +0000 UTC,88.88000000000004,86.0,91.4,1017,55,1,,1,Clear
1506034800,2017-09-21 23:00:00 +0000 UTC,86.18000000000004,80.6,89.6,1017,70,3,,1,Clear
1506038400,2017-09-22 00:00:00 +0000 UTC,82.09400000000008,78.8,86.0,1016,69,1,,75,Thunderstorm
1506042000,2017-09-22 01:00:00 +0000 UTC,78.98000000000005,75.2,82.4,1018,78,1,,20,Clouds
1506045600,2017-09-22 02:00:00 +0000 UTC,76.35200000000007,71.6,80.6,1018,78,1,,90,Thunderstorm
1506049200,2017-09-22 03:00:00 +0000 UTC,75.18200000000002,69.8,80.6,1018,88,1,,1,Clear
1506052800,2017-09-22 04:00:00 +0000 UTC,73.4,71.6,75.2,1018,100,1,,1,Clear
1506056400,2017-09-22 05:00:00 +0000 UTC,72.98600000000008,68.0,75.2,1018,100,1,,1,Clear
1506060000,2017-09-22 06:00:00 +0000 UTC,70.68200000000002,66.2,73.4,1018,100,1,,1,Mist
1506063600,2017-09-22 07:00:00 +0000 UTC,69.78200000000001,66.2,73.4,1018,100,0,,1,Mist
1506067200,2017-09-22 08:00:00 +0000 UTC,68.792,66.2,71.6,1017,100,1,,1,Mist
1506070800,2017-09-22 09:00:00 +0000 UTC,69.24199999999999,64.4,73.4,1018,100,1,,1,Mist
1506074400,2017-09-22 10:00:00 +0000 UTC,69.06200000000005,66.2,73.4,1018,100,1,,75,Mist
1506078000,2017-09-22 11:00:00 +0000 UTC,68.97200000000004,66.2,71.6,1018,88,1,0.3,75,Rain
1506078000,2017-09-22 11:00:00 +0000 UTC,68.97200000000004,66.2,71.6,1018,88,1,0.3,75,Mist
1506081600,2017-09-22 12:00:00 +0000 UTC,69.06200000000005,66.2,71.6,1019,100,1,,1,Mist
1506085200,2017-09-22 13:00:00 +0000 UTC,69.60200000000007,66.2,73.4,1019,78,2,,1,Mist
1506088800,2017-09-22 14:00:00 +0000 UTC,73.54400000000007,71.6,77.0,1020,88,1,,1,Clear
1506092400,2017-09-22 15:00:00 +0000 UTC,77.30600000000003,75.2,80.6,1020,65,5,,1,Clear
1506096000,2017-09-22 16:00:00 +0000 UTC,81.06800000000008,78.8,84.2,1020,70,1,,1,Clear
1506099600,2017-09-22 17:00:00 +0000 UTC,83.28200000000001,82.4,86.0,1018,66,1,,1,Clear
1506103200,2017-09-22 18:00:00 +0000 UTC,85.08200000000002,84.2,87.8,1018,58,2,,75,Clouds
1506106800,2017-09-22 19:00:00 +0000 UTC,86.97200000000004,84.2,89.6,1018,52,2,,1,Clear
1506110400,2017-09-22 20:00:00 +0000 UTC,87.15200000000007,84.2,89.6,1018,55,2,,40,Clouds
1506114000,2017-09-22 21:00:00 +0000 UTC,88.52000000000007,87.8,89.6,1017,55,1,,75,Clouds
1506117600,2017-09-22 22:00:00 +0000 UTC,87.99800000000002,84.2,89.6,1017,52,1,,1,Clear
1506121200,2017-09-22 23:00:00 +0000 UTC,84.38000000000004,80.6,87.8,1016,51,2,,1,Thunderstorm
1506124800,2017-09-23 00:00:00 +0000 UTC,81.57200000000003,77.0,84.2,1017,69,0,,40,Clouds
1506128400,2017-09-23 01:00:00 +0000 UTC,77.46800000000009,73.4,82.4,1017,74,0,,1,Clear
1506132000,2017-09-23 02:00:00 +0000 UTC,74.82200000000003,71.6,78.8,1017,88,0,,1,Clear
1506135600,2017-09-23 03:00:00 +0000 UTC,73.59800000000003,71.6,75.2,1017,88,0,,1,Mist
1506139200,2017-09-23 04:00:00 +0000 UTC,72.30200000000008,69.8,75.2,1018,100,0,,1,Mist
1506142800,2017-09-23 05:00:00 +0000 UTC,71.97800000000007,69.8,77.0,1018,100,0,,40,Mist
1506146400,2017-09-23 06:00:00 +0000 UTC,70.68200000000002,68.0,73.4,1018,100,0,,1,Mist
1506150000,2017-09-23 07:00:00 +0000 UTC,70.12400000000001,66.2,75.2,1018,94,1,,1,Mist
1506153600,2017-09-23 08:00:00 +0000 UTC,68.97200000000004,66.2,73.4,1018,100,1,,1,Mist
1506157200,2017-09-23 09:00:00 +0000 UTC,68.18000000000004,66.2,71.6,1018,100,1,,1,Mist
1506160800,2017-09-23 10:00:00 +0000 UTC,67.62200000000004,64.4,71.6,1018,100,1,,1,Mist
1506164400,2017-09-23 11:00:00 +0000 UTC,67.26200000000006,64.4,71.6,1018,100,1,,1,Mist
1506168000,2017-09-23 12:00:00 +0000 UTC,67.01000000000008,64.4,71.6,1018,93,1,,20,Mist
1506171600,2017-09-23 13:00:00 +0000 UTC,66.72200000000004,64.4,69.8,1018,100,1,,1,Mist
1506175200,2017-09-23 14:00:00 +0000 UTC,71.97800000000007,69.8,75.2,1018,88,2,,1,Mist
1506178800,2017-09-23 15:00:00 +0000 UTC,76.442,75.2,78.8,1019,74,1,,1,Clear
1506182400,2017-09-23 16:00:00 +0000 UTC,80.78000000000004,78.8,82.4,1019,69,2,,1,Clear
1506186000,2017-09-23 17:00:00 +0000 UTC,83.37200000000004,82.4,86.0,1019,54,1,,75,Clouds
1506189600,2017-09-23 18:00:00 +0000 UTC,85.17200000000004,82.4,87.8,1019,51,2,,75,Clouds
1506193200,2017-09-23 19:00:00 +0000 UTC,86.16200000000006,84.2,87.8,1018,51,4,,75,Clouds
1506196800,2017-09-23 20:00:00 +0000 UTC,86.48600000000008,84.2,89.6,1018,55,2,,75,Clouds
1506200400,2017-09-23 21:00:00 +0000 UTC,87.08000000000004,84.2,89.6,1017,58,2,,40,Thunderstorm
1506204000,2017-09-23 22:00:00 +0000 UTC,86.19800000000002,82.4,87.8,1017,51,2,,20,Clouds
1506207600,2017-09-23 23:00:00 +0000 UTC,84.02000000000007,80.6,87.8,1017,69,2,,40,Clouds
1506211200,2017-09-24 00:00:00 +0000 UTC,80.78000000000004,77.0,84.2,1017,78,2,,1,Clear
1506214800,2017-09-24 01:00:00 +0000 UTC,76.01000000000008,69.8,82.4,1018,78,2,,1,Clear
1506218400,2017-09-24 02:00:00 +0000 UTC,73.70600000000003,69.8,78.8,1018,78,2,,1,Clear
1506222000,2017-09-24 03:00:00 +0000 UTC,72.28399999999999,66.2,78.8,1018,73,2,,1,Mist
1506225600,2017-09-24 04:00:00 +0000 UTC,71.6,68.0,75.2,1018,83,2,,1,Clear
1506229200,2017-09-24 05:00:00 +0000 UTC,70.79000000000002,68.0,75.2,1018,83,1,,40,Clouds
1506232800,2017-09-24 06:00:00 +0000 UTC,69.78200000000001,66.2,73.4,1018,94,1,,1,Clear
1506236400,2017-09-24 07:00:00 +0000 UTC,68.16200000000006,64.4,73.4,1018,100,1,,1,Mist
1506240000,2017-09-24 08:00:00 +0000 UTC,66.72200000000004,62.6,71.6,1018,100,1,,1,Mist
1506243600,2017-09-24 09:00:00 +0000 UTC,66.18200000000002,62.6,71.6,1018,100,1,,1,Mist
1506247200,2017-09-24 10:00:00 +0000 UTC,66.2,62.6,71.6,1018,100,1,,1,Mist
1506250800,2017-09-24 11:00:00 +0000 UTC,66.18200000000002,60.8,71.6,1018,100,2,,1,Mist
1506254400,2017-09-24 12:00:00 +0000 UTC,65.67800000000007,60.8,69.8,1019,100,2,,1,Mist
1506258000,2017-09-24 13:00:00 +0000 UTC,66.34400000000008,62.6,69.8,1019,100,1,,1,Mist
1506261600,2017-09-24 14:00:00 +0000 UTC,70.43000000000004,66.2,73.4,1020,94,1,,1,Clear
1506265200,2017-09-24 15:00:00 +0000 UTC,73.20200000000008,71.6,77.0,1020,78,2,,1,Clear
1506268800,2017-09-24 16:00:00 +0000 UTC,77.72000000000006,75.2,80.6,1019,74,4,,1,Clear
1506272400,2017-09-24 17:00:00 +0000 UTC,80.40200000000007,78.8,82.4,1019,61,4,,40,Clouds
1506276000,2017-09-24 18:00:00 +0000 UTC,82.70600000000003,80.6,86.0,1019,55,4,,40,Clouds
1506279600,2017-09-24 19:00:00 +0000 UTC,84.18200000000002,82.4,87.8,1018,52,3,,40,Clouds
1506283200,2017-09-24 20:00:00 +0000 UTC,83.12000000000006,80.6,86.0,1017,58,4,,75,Clouds
1506286800,2017-09-24 21:00:00 +0000 UTC,83.84000000000002,82.4,86.0,1017,58,3,,40,Clouds
1506290400,2017-09-24 22:00:00 +0000 UTC,83.84000000000002,82.4,86.0,1016,51,2,,40,Clouds
1506294000,2017-09-24 23:00:00 +0000 UTC,82.4,80.6,84.2,1017,62,2,,1,Clear
1506297600,2017-09-25 00:00:00 +0000 UTC,80.6,78.8,82.4,1017,69,2,,1,Clear
1506301200,2017-09-25 01:00:00 +0000 UTC,76.46000000000008,73.4,78.8,1017,74,2,,1,Clear
1506304800,2017-09-25 02:00:00 +0000 UTC,73.36400000000003,68.0,77.0,1017,78,1,,1,Clear
1506308400,2017-09-25 03:00:00 +0000 UTC,71.79800000000003,69.8,75.2,1018,88,1,,1,Clear
1506312000,2017-09-25 04:00:00 +0000 UTC,70.19600000000005,68.0,73.4,1018,94,1,,1,Clear
1506315600,2017-09-25 05:00:00 +0000 UTC,69.04400000000007,64.4,75.2,1017,78,1,,1,Clear
1506319200,2017-09-25 06:00:00 +0000 UTC,68.32400000000001,64.4,73.4,1017,83,1,,1,Clear
1506322800,2017-09-25 07:00:00 +0000 UTC,67.96400000000003,64.4,73.4,1017,83,1,,1,Clear
1506326400,2017-09-25 08:00:00 +0000 UTC,66.36200000000005,62.6,71.6,1017,88,1,,1,Clear
1506330000,2017-09-25 09:00:00 +0000 UTC,66.88399999999999,62.6,71.6,1017,100,1,,40,Clouds
1506333600,2017-09-25 10:00:00 +0000 UTC,66.36200000000005,62.6,71.6,1017,100,1,,40,Clouds
1506337200,2017-09-25 11:00:00 +0000 UTC,66.66800000000009,62.6,71.6,1017,82,1,,1,Clear
1506340800,2017-09-25 12:00:00 +0000 UTC,66.36200000000005,62.6,71.6,1018,100,1,,1,Mist
1506344400,2017-09-25 13:00:00 +0000 UTC,66.81200000000005,62.6,73.4,1018,77,2,,1,Mist
1506348000,2017-09-25 14:00:00 +0000 UTC,70.66400000000003,66.2,75.2,1018,78,2,,1,Clear
1506351600,2017-09-25 15:00:00 +0000 UTC,75.99199999999999,71.6,80.6,1018,61,4,,1,Clear
1506355200,2017-09-25 16:00:00 +0000 UTC,79.592,77.0,82.4,1018,61,3,,1,Clear
1506358800,2017-09-25 17:00:00 +0000 UTC,82.02200000000003,80.6,84.2,1018,48,5,,1,Clear
1506362400,2017-09-25 18:00:00 +0000 UTC,83.642,82.4,86.0,1017,54,3,,40,Clouds
1506366000,2017-09-25 19:00:00 +0000 UTC,85.17200000000004,84.2,87.8,1017,48,2,,40,Clouds
1506369600,2017-09-25 20:00:00 +0000 UTC,84.92000000000006,84.2,86.0,1016,45,2,,40,Clouds
1506373200,2017-09-25 21:00:00 +0000 UTC,85.658,84.2,87.8,1015,45,2,,40,Clouds
1506376800,2017-09-25 22:00:00 +0000 UTC,85.67600000000009,84.2,87.8,1015,45,3,,20,Clouds
1506380400,2017-09-25 23:00:00 +0000 UTC,84.84800000000003,84.2,86.0,1015,55,2,,1,Clear
1506384000,2017-09-26 00:00:00 +0000 UTC,80.6,77.0,84.2,1015,61,1,,1,Clear
1506387600,2017-09-26 01:00:00 +0000 UTC,75.66800000000009,69.8,80.6,1015,73,2,,1,Clear
1506391200,2017-09-26 02:00:00 +0000 UTC,71.22200000000004,68.0,75.2,1015,78,1,,1,Clear
1506394800,2017-09-26 03:00:00 +0000 UTC,69.96200000000006,66.2,75.2,1016,78,1,,1,Clear
1506398400,2017-09-26 04:00:00 +0000 UTC,67.96400000000003,64.4,73.4,1016,83,1,,1,Clear
1506402000,2017-09-26 05:00:00 +0000 UTC,68.14400000000008,64.4,73.4,1016,83,1,,1,Clear
1506405600,2017-09-26 06:00:00 +0000 UTC,66.57800000000006,64.4,71.6,1016,83,1,,1,Clear
1506409200,2017-09-26 07:00:00 +0000 UTC,65.76800000000009,62.6,71.6,1016,78,1,,1,Clear
1506412800,2017-09-26 08:00:00 +0000 UTC,66.34400000000008,62.6,73.4,1016,78,1,,1,Clear
1506416400,2017-09-26 09:00:00 +0000 UTC,65.44400000000007,62.6,71.6,1016,88,1,,1,Clear
1506420000,2017-09-26 10:00:00 +0000 UTC,65.26400000000004,60.8,71.6,1016,83,1,,1,Clear
1506423600,2017-09-26 11:00:00 +0000 UTC,64.90400000000005,60.8,71.6,1016,83,1,,1,Clear
1506427200,2017-09-26 12:00:00 +0000 UTC,63.662000000000056,60.8,68.0,1016,88,2,,1,Clear
1506430800,2017-09-26 13:00:00 +0000 UTC,65.35400000000006,60.8,73.4,1017,83,1,,1,Mist
1506434400,2017-09-26 14:00:00 +0000 UTC,70.89800000000002,64.4,77.0,1018,73,1,,1,Clear
1506438000,2017-09-26 15:00:00 +0000 UTC,76.316,71.6,80.6,1018,69,2,,1,Clear
1506441600,2017-09-26 16:00:00 +0000 UTC,80.78000000000004,80.6,82.4,1017,57,2,,20,Clouds
1506445200,2017-09-26 17:00:00 +0000 UTC,82.22000000000006,80.6,84.2,1017,61,2,,40,Clouds
1506448800,2017-09-26 18:00:00 +0000 UTC,83.48000000000005,82.4,84.2,1016,58,2,,75,Clouds
1506452400,2017-09-26 19:00:00 +0000 UTC,84.542,82.4,86.0,1015,55,3,,40,Clouds
1506456000,2017-09-26 20:00:00 +0000 UTC,84.99199999999999,82.4,86.0,1015,51,3,,40,Clouds
1506459600,2017-09-26 21:00:00 +0000 UTC,86.81000000000009,84.2,89.6,1015,52,3,,40,Clouds
1506463200,2017-09-26 22:00:00 +0000 UTC,86.9,86.0,87.8,1014,52,2,,1,Clear
1506466800,2017-09-26 23:00:00 +0000 UTC,85.02800000000006,82.4,87.8,1014,58,1,,1,Clear
1506470400,2017-09-27 00:00:00 +0000 UTC,82.07600000000009,78.8,84.2,1015,78,2,,1,Clear
1506474000,2017-09-27 01:00:00 +0000 UTC,78.08000000000004,73.4,80.6,1015,78,2,,1,Clear
1506477600,2017-09-27 02:00:00 +0000 UTC,75.36200000000005,71.6,78.8,1015,69,2,,1,Clear
1506481200,2017-09-27 03:00:00 +0000 UTC,72.82400000000001,68.0,77.0,1015,73,2,,1,Clear
1506484800,2017-09-27 04:00:00 +0000 UTC,72.57200000000003,69.8,77.0,1015,73,2,,1,Clear
1506488400,2017-09-27 05:00:00 +0000 UTC,70.37600000000009,68.0,73.4,1016,83,2,,1,Clear
1506492000,2017-09-27 06:00:00 +0000 UTC,68.684,64.4,73.4,1015,78,2,,1,Clear
1506495600,2017-09-27 07:00:00 +0000 UTC,67.424,62.6,73.4,1015,78,2,,1,Mist
1506499200,2017-09-27 08:00:00 +0000 UTC,67.24400000000007,62.6,73.4,1015,78,2,,1,Mist
1506502800,2017-09-27 09:00:00 +0000 UTC,65.58800000000005,62.6,69.8,1014,100,1,,1,Mist
1506506400,2017-09-27 10:00:00 +0000 UTC,64.99400000000007,62.6,69.8,1015,100,1,,1,Mist
1506510000,2017-09-27 11:00:00 +0000 UTC,66.00200000000008,62.6,71.6,1015,94,2,,1,Clear
1506513600,2017-09-27 12:00:00 +0000 UTC,64.38200000000002,62.6,66.2,1015,100,1,,1,Mist
1506517200,2017-09-27 13:00:00 +0000 UTC,64.90400000000005,60.8,69.8,1015,88,1,,1,Mist
1506520800,2017-09-27 14:00:00 +0000 UTC,71.36600000000001,66.2,77.0,1016,78,2,,1,Mist
1506524400,2017-09-27 15:00:00 +0000 UTC,76.60400000000006,71.6,80.6,1016,74,2,,1,Clear
1506528000,2017-09-27 16:00:00 +0000 UTC,81.98600000000008,78.8,84.2,1017,69,2,,1,Clear
1506531600,2017-09-27 17:00:00 +0000 UTC,84.74000000000002,82.4,87.8,1016,62,2,,1,Clear
1506535200,2017-09-27 18:00:00 +0000 UTC,86.63000000000004,84.2,87.8,1015,45,2,,75,Clouds
1506538800,2017-09-27 19:00:00 +0000 UTC,87.98000000000005,86.0,89.6,1015,52,2,,1,Clear
1506542400,2017-09-27 20:00:00 +0000 UTC,88.34000000000002,87.8,89.6,1015,52,3,,1,Clear
1506546000,2017-09-27 21:00:00 +0000 UTC,88.7,87.8,89.6,1015,49,2,,40,Clouds
1506549600,2017-09-27 22:00:00 +0000 UTC,89.11400000000003,87.8,89.6,1014,49,2,,1,Clear
1506553200,2017-09-27 23:00:00 +0000 UTC,88.16000000000008,87.8,89.6,1014,55,2,,1,Clear
1506556800,2017-09-28 00:00:00 +0000 UTC,83.066,80.6,86.0,1015,74,1,,1,Clear
1506560400,2017-09-28 01:00:00 +0000 UTC,79.16000000000008,75.2,82.4,1015,78,2,,1,Clear
1506564000,2017-09-28 02:00:00 +0000 UTC,76.08200000000002,71.6,80.6,1015,74,2,,1,Clear
1506567600,2017-09-28 03:00:00 +0000 UTC,74.174,69.8,78.8,1015,74,3,,1,Clear
1506574800,2017-09-28 05:00:00 +0000 UTC,71.924,68.0,77.0,1015,78,3,,1,Clear
1506578400,2017-09-28 06:00:00 +0000 UTC,70.95200000000008,66.2,77.0,1015,78,3,,1,Clear
1506582000,2017-09-28 07:00:00 +0000 UTC,70.142,66.2,77.0,1015,78,3,,1,Clear
1506585600,2017-09-28 08:00:00 +0000 UTC,67.74800000000002,64.4,71.6,1015,100,1,,1,Clear
1506589200,2017-09-28 09:00:00 +0000 UTC,67.56800000000008,64.4,73.4,1015,88,3,,1,Clear
1506592800,2017-09-28 10:00:00 +0000 UTC,65.94800000000002,62.6,69.8,1015,100,1,,1,Clear
1506596400,2017-09-28 11:00:00 +0000 UTC,66.56000000000009,62.6,71.6,1015,88,3,,1,Mist
1506600000,2017-09-28 12:00:00 +0000 UTC,65.78600000000007,64.4,68.0,1015,94,1,,1,Clear
1506603600,2017-09-28 13:00:00 +0000 UTC,65.80400000000006,62.6,71.6,1015,88,1,,1,Mist
1506607200,2017-09-28 14:00:00 +0000 UTC,70.84400000000008,68.0,75.2,1016,78,3,,1,Clear
1506610800,2017-09-28 15:00:00 +0000 UTC,77.16200000000006,73.4,78.8,1017,78,2,,1,Clear
1506614400,2017-09-28 16:00:00 +0000 UTC,82.04000000000002,78.8,84.2,1017,74,1,,1,Clear
1506618000,2017-09-28 17:00:00 +0000 UTC,84.38000000000004,82.4,86.0,1016,62,1,,1,Clear
1506621600,2017-09-28 18:00:00 +0000 UTC,87.566,86.0,89.6,1016,55,2,,1,Clear
1506625200,2017-09-28 19:00:00 +0000 UTC,88.50200000000008,87.8,89.6,1015,55,2,,1,Clear
1506628800,2017-09-28 20:00:00 +0000 UTC,89.06000000000009,87.8,89.6,1014,49,1,,40,Clouds
1506632400,2017-09-28 21:00:00 +0000 UTC,89.96000000000008,89.6,91.4,1014,52,3,,40,Clouds
1506636000,2017-09-28 22:00:00 +0000 UTC,89.96000000000008,89.6,91.4,1014,52,2,,1,Clear
1506639600,2017-09-28 23:00:00 +0000 UTC,87.44000000000003,86.0,87.8,1014,55,2,,1,Clear
1506643200,2017-09-29 00:00:00 +0000 UTC,82.90400000000005,80.6,86.0,1015,69,2,,1,Clear
1506646800,2017-09-29 01:00:00 +0000 UTC,79.86200000000005,75.2,82.4,1015,69,4,,1,Clear
1506650400,2017-09-29 02:00:00 +0000 UTC,78.42200000000004,75.2,80.6,1016,78,3,,1,Clear
1506654000,2017-09-29 03:00:00 +0000 UTC,78.18800000000005,73.4,80.6,1016,78,3,,1,Clear
1506657600,2017-09-29 04:00:00 +0000 UTC,75.57800000000006,71.6,77.0,1016,78,4,,1,Clear
1506661200,2017-09-29 05:00:00 +0000 UTC,73.77800000000006,69.8,77.0,1016,78,4,,1,Mist
1506664800,2017-09-29 06:00:00 +0000 UTC,72.48200000000001,69.8,75.2,1016,83,3,,1,Mist
1506668400,2017-09-29 07:00:00 +0000 UTC,70.37600000000009,66.2,73.4,1016,83,2,,1,Mist
1506672000,2017-09-29 08:00:00 +0000 UTC,68.97200000000004,66.2,71.6,1016,78,3,,1,Mist
1506675600,2017-09-29 09:00:00 +0000 UTC,67.98200000000001,64.4,71.6,1016,83,3,,1,Mist
1506679200,2017-09-29 10:00:00 +0000 UTC,67.17200000000004,64.4,69.8,1017,83,3,,1,Mist
1506682800,2017-09-29 11:00:00 +0000 UTC,66.18200000000002,62.6,69.8,1017,82,3,,1,Mist
1506686400,2017-09-29 12:00:00 +0000 UTC,65.858,62.6,68.0,1017,82,2,,1,Mist
1506690000,2017-09-29 13:00:00 +0000 UTC,66.83000000000004,62.6,69.8,1018,83,3,,1,Mist
1506693600,2017-09-29 14:00:00 +0000 UTC,71.76200000000006,68.0,75.2,1018,78,2,,1,Clear
1506697200,2017-09-29 15:00:00 +0000 UTC,75.18200000000002,73.4,78.8,1018,73,2,,1,Clear
1506700800,2017-09-29 16:00:00 +0000 UTC,78.78200000000001,75.2,82.4,1018,69,3,,1,Clear
1506704400,2017-09-29 17:00:00 +0000 UTC,81.23000000000005,78.8,84.2,1018,66,1,,1,Clear
1506708000,2017-09-29 18:00:00 +0000 UTC,83.3,80.6,86.0,1017,62,2,,1,Clear
1506711600,2017-09-29 19:00:00 +0000 UTC,85.28000000000004,84.2,86.0,1017,62,1,,40,Clouds
1506715200,2017-09-29 20:00:00 +0000 UTC,86.81000000000009,84.2,87.8,1017,58,1,,40,Clouds
1506718800,2017-09-29 21:00:00 +0000 UTC,86.97200000000004,84.2,89.6,1017,58,2,,1,Clear
1506722400,2017-09-29 22:00:00 +0000 UTC,86.342,84.2,89.6,1017,58,3,,1,Clear
1506726000,2017-09-29 23:00:00 +0000 UTC,85.19000000000003,80.6,89.6,1017,66,2,,1,Clear
1506729600,2017-09-30 00:00:00 +0000 UTC,81.66200000000006,80.6,84.2,1018,74,2,,1,Clear
1506733200,2017-09-30 01:00:00 +0000 UTC,78.13399999999999,73.4,84.2,1018,74,2,,1,Clear
1506736800,2017-09-30 02:00:00 +0000 UTC,76.49600000000005,73.4,80.6,1018,69,3,,1,Clear
1506740400,2017-09-30 03:00:00 +0000 UTC,74.71400000000003,71.6,78.8,1019,73,3,,1,Clear
1506744000,2017-09-30 04:00:00 +0000 UTC,73.00400000000005,69.8,77.0,1019,73,3,,1,Clear
1506747600,2017-09-30 05:00:00 +0000 UTC,71.99600000000005,68.0,77.0,1019,73,3,,1,Clear
1506751200,2017-09-30 06:00:00 +0000 UTC,70.79000000000002,64.4,75.2,1019,73,4,,75,Clouds
1506754800,2017-09-30 07:00:00 +0000 UTC,69.78200000000001,64.4,73.4,1019,72,2,,1,Clear
1506758400,2017-09-30 08:00:00 +0000 UTC,69.58399999999999,68.0,71.6,1019,72,3,,1,Clear
1506762000,2017-09-30 09:00:00 +0000 UTC,69.8,68.0,71.6,1019,72,3,,40,Clouds
1506765600,2017-09-30 10:00:00 +0000 UTC,67.98200000000001,64.4,71.6,1019,77,3,,1,Clear
1506769200,2017-09-30 11:00:00 +0000 UTC,66.97400000000002,62.6,69.8,1020,72,2,,40,Clouds
1506772800,2017-09-30 12:00:00 +0000 UTC,67.82000000000006,64.4,69.8,1020,88,3,,40,Clouds
1506776400,2017-09-30 13:00:00 +0000 UTC,68.18000000000004,66.2,69.8,1021,77,3,,1,Clear
1506780000,2017-09-30 14:00:00 +0000 UTC,69.96200000000006,66.2,71.6,1021,73,2,,1,Clear
1506783600,2017-09-30 15:00:00 +0000 UTC,73.20200000000008,71.6,75.2,1022,64,4,,90,Clouds
1506787200,2017-09-30 16:00:00 +0000 UTC,75.36200000000005,73.4,78.8,1022,54,4,,1,Clear
1506790800,2017-09-30 17:00:00 +0000 UTC,77.81000000000009,75.2,80.6,1022,51,4,,1,Clear
1506794400,2017-09-30 18:00:00 +0000 UTC,79.61000000000008,77.0,82.4,1021,48,3,,1,Clear
1506798000,2017-09-30 19:00:00 +0000 UTC,80.22200000000004,78.8,82.4,1020,58,4,,1,Clear
1506801600,2017-09-30 20:00:00 +0000 UTC,80.96000000000008,78.8,82.4,1019,54,2,,40,Clouds
1506805200,2017-09-30 21:00:00 +0000 UTC,81.68000000000004,80.6,82.4,1020,51,2,,40,Clouds
1506808800,2017-09-30 22:00:00 +0000 UTC,80.6,78.8,82.4,1020,48,2,,1,Clear
1506812400,2017-09-30 23:00:00 +0000 UTC,79.52000000000007,78.8,80.6,1020,54,2,,1,Clear
1506816000,2017-10-01 00:00:00 +0000 UTC,76.01000000000008,73.4,78.8,1021,61,3,,1,Clear
1506819600,2017-10-01 01:00:00 +0000 UTC,72.86000000000008,69.8,75.2,1021,69,3,,1,Clear
1506823200,2017-10-01 02:00:00 +0000 UTC,68.30600000000003,64.4,71.6,1022,73,1,,1,Clear
1506826800,2017-10-01 03:00:00 +0000 UTC,66.48800000000004,60.8,71.6,1022,68,2,,1,Clear
1506830400,2017-10-01 04:00:00 +0000 UTC,64.76000000000008,59.0,68.0,1022,77,2,,1,Clear
1506834000,2017-10-01 05:00:00 +0000 UTC,65.75,60.8,68.0,1022,77,1,,1,Clear
1506837600,2017-10-01 06:00:00 +0000 UTC,64.61600000000001,62.6,68.0,1023,77,3,,1,Clear
1506841200,2017-10-01 07:00:00 +0000 UTC,64.61600000000001,62.6,66.2,1023,72,3,,1,Clear
1506844800,2017-10-01 08:00:00 +0000 UTC,64.00400000000005,60.8,66.2,1023,68,3,,1,Clear
1506848400,2017-10-01 09:00:00 +0000 UTC,63.05,60.8,64.4,1023,67,3,,1,Clear
1506852000,2017-10-01 10:00:00 +0000 UTC,61.7,60.8,62.6,1023,67,3,,1,Clear
1506855600,2017-10-01 11:00:00 +0000 UTC,60.58399999999999,59.0,62.6,1023,72,2,,1,Clear
1506859200,2017-10-01 12:00:00 +0000 UTC,58.820000000000064,57.2,60.8,1024,72,4,,1,Clear
1506862800,2017-10-01 13:00:00 +0000 UTC,58.082000000000015,55.4,60.8,1024,67,4,,1,Clear
1506866400,2017-10-01 14:00:00 +0000 UTC,59.97200000000004,57.2,62.6,1025,67,5,,1,Clear
1506870000,2017-10-01 15:00:00 +0000 UTC,62.041999999999994,60.8,64.4,1024,55,6,,1,Clear
1506873600,2017-10-01 16:00:00 +0000 UTC,64.86800000000008,62.6,68.0,1025,52,5,,1,Clear
1506877200,2017-10-01 17:00:00 +0000 UTC,67.33399999999999,64.4,71.6,1025,46,6,,1,Clear
1506880800,2017-10-01 18:00:00 +0000 UTC,69.78200000000001,66.2,73.4,1024,46,4,,1,Clear
1506884400,2017-10-01 19:00:00 +0000 UTC,71.42000000000006,69.8,73.4,1023,43,4,,1,Clear
1506888000,2017-10-01 20:00:00 +0000 UTC,72.24800000000002,69.8,75.2,1022,41,6,,1,Clear
1506891600,2017-10-01 21:00:00 +0000 UTC,72.68000000000004,69.8,75.2,1021,40,5,,1,Clear
1506895200,2017-10-01 22:00:00 +0000 UTC,72.41000000000008,71.6,73.4,1022,46,4,,1,Clear
1506898800,2017-10-01 23:00:00 +0000 UTC,70.7,69.8,71.6,1023,37,4,,40,Clouds
1506902400,2017-10-02 00:00:00 +0000 UTC,67.35200000000007,64.4,69.8,1022,59,3,,1,Clear
1506906000,2017-10-02 01:00:00 +0000 UTC,64.94000000000003,62.6,66.2,1023,63,2,,1,Clear
1506909600,2017-10-02 02:00:00 +0000 UTC,63.248000000000026,59.0,66.2,1023,63,3,,1,Clear
1506913200,2017-10-02 03:00:00 +0000 UTC,62.42000000000006,59.0,64.4,1024,63,2,,40,Clouds
1506916800,2017-10-02 04:00:00 +0000 UTC,62.42000000000006,59.0,66.2,1024,67,3,,1,Clear
1506920400,2017-10-02 05:00:00 +0000 UTC,62.38399999999999,59.0,66.2,1024,63,3,,75,Clouds
1506924000,2017-10-02 06:00:00 +0000 UTC,62.00600000000003,57.2,66.2,1024,67,3,,75,Clouds
1506927600,2017-10-02 07:00:00 +0000 UTC,61.91600000000001,59.0,64.4,1024,67,3,,75,Clouds
1506931200,2017-10-02 08:00:00 +0000 UTC,60.998000000000026,55.4,64.4,1024,72,4,,75,Clouds
1506934800,2017-10-02 09:00:00 +0000 UTC,60.602000000000075,55.4,64.4,1024,72,4,,90,Clouds
1506938400,2017-10-02 10:00:00 +0000 UTC,60.20600000000003,57.2,62.6,1024,72,3,,75,Clouds
1506942000,2017-10-02 11:00:00 +0000 UTC,59.19800000000002,57.2,62.6,1024,72,3,,1,Clear
1506945600,2017-10-02 12:00:00 +0000 UTC,58.67600000000009,55.4,60.8,1025,77,3,,40,Clouds
1506949200,2017-10-02 13:00:00 +0000 UTC,60.42200000000004,57.2,62.6,1026,67,6,,90,Clouds
1506952800,2017-10-02 14:00:00 +0000 UTC,60.78200000000002,57.2,62.6,1027,77,4,,90,Clouds
1506956400,2017-10-02 15:00:00 +0000 UTC,63.733999999999995,60.8,68.0,1027,68,5,,90,Clouds
1506960000,2017-10-02 16:00:00 +0000 UTC,65.84000000000002,64.4,68.0,1027,68,4,,90,Clouds
1506963600,2017-10-02 17:00:00 +0000 UTC,70.12400000000001,68.0,73.4,1028,53,5,,40,Clouds
1506967200,2017-10-02 18:00:00 +0000 UTC,71.6,69.8,73.4,1026,68,3,,90,Clouds
1506970800,2017-10-02 19:00:00 +0000 UTC,73.94000000000003,71.6,77.0,1025,64,3,,90,Clouds
1506974400,2017-10-02 20:00:00 +0000 UTC,74.84000000000002,73.4,77.0,1025,64,2,,90,Clouds
1506978000,2017-10-02 21:00:00 +0000 UTC,76.51400000000004,75.2,78.8,1025,54,3,,1,Clear
1506981600,2017-10-02 22:00:00 +0000 UTC,76.67600000000009,75.2,78.8,1026,54,3,,40,Clouds
1506985200,2017-10-02 23:00:00 +0000 UTC,75.2,73.4,77.0,1025,69,1,,40,Clouds
1506988800,2017-10-03 00:00:00 +0000 UTC,73.23800000000004,71.6,75.2,1026,69,2,,1,Clear
1506992400,2017-10-03 01:00:00 +0000 UTC,70.52000000000007,68.0,73.4,1026,73,2,,1,Clear
1506996000,2017-10-03 02:00:00 +0000 UTC,69.44000000000003,66.2,71.6,1027,77,2,,1,Clear
1506999600,2017-10-03 03:00:00 +0000 UTC,68.16200000000006,64.4,71.6,1027,73,2,,1,Clear
1507003200,2017-10-03 04:00:00 +0000 UTC,67.98200000000001,66.2,69.8,1028,73,3,,1,Clear
1507006800,2017-10-03 05:00:00 +0000 UTC,67.55,66.2,69.8,1028,68,2,,1,Clear
1507010400,2017-10-03 06:00:00 +0000 UTC,65.28200000000001,60.8,68.0,1028,77,2,,40,Clouds
1507014000,2017-10-03 07:00:00 +0000 UTC,63.98600000000007,60.8,66.2,1028,82,2,,1,Clear
1507017600,2017-10-03 08:00:00 +0000 UTC,62.978000000000065,60.8,64.4,1028,88,2,,1,Clear
1507021200,2017-10-03 09:00:00 +0000 UTC,62.18600000000007,60.8,64.4,1028,88,2,,1,Clear
1507024800,2017-10-03 10:00:00 +0000 UTC,61.39400000000008,60.8,62.6,1028,93,2,,1,Clear
1507028400,2017-10-03 11:00:00 +0000 UTC,60.98000000000004,59.0,62.6,1030,82,4,,5,Clear
1507032000,2017-10-03 12:00:00 +0000 UTC,60.78200000000002,59.0,62.6,1029,100,2,,1,Clear
1507035600,2017-10-03 13:00:00 +0000 UTC,60.62000000000006,57.2,64.4,1030,93,2,,20,Clouds
1507039200,2017-10-03 14:00:00 +0000 UTC,63.662000000000056,62.6,66.2,1030,88,4,,40,Clouds
1507042800,2017-10-03 15:00:00 +0000 UTC,68.14400000000008,66.2,71.6,1032,73,4,,1,Clear
1507046400,2017-10-03 16:00:00 +0000 UTC,72.12200000000004,69.8,75.2,1032,60,3,,75,Clouds
1507050000,2017-10-03 17:00:00 +0000 UTC,75.34400000000008,73.4,78.8,1031,57,4,,40,Clouds
1507053600,2017-10-03 18:00:00 +0000 UTC,77.14400000000008,73.4,80.6,1031,54,4,,40,Clouds
1507057200,2017-10-03 19:00:00 +0000 UTC,78.29600000000005,75.2,80.6,1030,54,3,,40,Clouds
1507060800,2017-10-03 20:00:00 +0000 UTC,78.62000000000006,77.0,80.6,1029,51,5,,40,Clouds
1507064400,2017-10-03 21:00:00 +0000 UTC,78.98000000000005,77.0,80.6,1028,54,3,,75,Clouds
1507068000,2017-10-03 22:00:00 +0000 UTC,78.47600000000008,75.2,80.6,1029,54,3,,40,Clouds
1507071600,2017-10-03 23:00:00 +0000 UTC,77.18000000000004,75.2,78.8,1029,57,3,,40,Clouds
1507075200,2017-10-04 00:00:00 +0000 UTC,73.22000000000006,71.6,75.2,1029,69,2,,1,Clear
1507078800,2017-10-04 01:00:00 +0000 UTC,70.61000000000008,68.0,73.4,1030,73,2,,1,Clear
1507082400,2017-10-04 02:00:00 +0000 UTC,68.32400000000001,64.4,71.6,1031,73,2,,1,Clear
1507086000,2017-10-04 03:00:00 +0000 UTC,66.59600000000005,64.4,69.8,1031,77,2,,1,Clear
1507089600,2017-10-04 04:00:00 +0000 UTC,65.984,62.6,68.0,1031,77,2,,1,Clear
1507093200,2017-10-04 05:00:00 +0000 UTC,65.75,60.8,68.0,1031,72,2,,1,Clear
1507096800,2017-10-04 06:00:00 +0000 UTC,63.932000000000016,60.8,66.2,1031,77,2,,1,Clear
1507100400,2017-10-04 07:00:00 +0000 UTC,62.81600000000001,59.0,64.4,1030,82,2,,1,Clear
1507104000,2017-10-04 08:00:00 +0000 UTC,61.16000000000008,55.4,64.4,1030,77,3,,1,Clear
1507107600,2017-10-04 09:00:00 +0000 UTC,61.7,59.0,62.6,1030,82,3,,1,Clear
1507111200,2017-10-04 10:00:00 +0000 UTC,60.332000000000015,57.2,62.6,1030,93,3,,1,Clear
1507114800,2017-10-04 11:00:00 +0000 UTC,59.88200000000002,55.4,62.6,1030,93,3,,1,Clear
1507118400,2017-10-04 12:00:00 +0000 UTC,58.98200000000001,55.4,60.8,1030,87,2,,1,Clear
1507122000,2017-10-04 13:00:00 +0000 UTC,59.88200000000002,57.2,62.6,1030,88,3,,1,Clear
1507125600,2017-10-04 14:00:00 +0000 UTC,64.36400000000003,62.6,68.0,1031,63,2,,5,Clear
1507129200,2017-10-04 15:00:00 +0000 UTC,66.90200000000007,64.4,69.8,1030,73,5,,1,Clear
1507132800,2017-10-04 16:00:00 +0000 UTC,71.74400000000007,69.8,75.2,1031,64,4,,1,Clear
1507136400,2017-10-04 17:00:00 +0000 UTC,74.3,73.4,77.0,1029,57,5,,1,Clear
1507140000,2017-10-04 18:00:00 +0000 UTC,75.92000000000006,73.4,78.8,1029,54,3,,1,Clear
1507143600,2017-10-04 19:00:00 +0000 UTC,77.97200000000004,75.2,80.6,1028,51,4,,40,Clouds
1507147200,2017-10-04 20:00:00 +0000 UTC,79.28600000000007,77.0,82.4,1027,48,3,,1,Clear
1507150800,2017-10-04 21:00:00 +0000 UTC,80.22200000000004,78.8,82.4,1027,48,2,,40,Clouds
1507154400,2017-10-04 22:00:00 +0000 UTC,79.79000000000002,78.8,80.6,1026,51,2,,1,Clear
1507158000,2017-10-04 23:00:00 +0000 UTC,78.08000000000004,77.0,78.8,1026,54,2,,1,Clear
1507161600,2017-10-05 00:00:00 +0000 UTC,74.39000000000001,71.6,77.0,1026,69,2,,1,Clear
1507165200,2017-10-05 01:00:00 +0000 UTC,69.8,66.2,73.4,1027,73,2,,1,Clear
1507168800,2017-10-05 02:00:00 +0000 UTC,66.34400000000008,60.8,73.4,1027,73,2,,1,Clear
1507172400,2017-10-05 03:00:00 +0000 UTC,63.842,57.2,69.8,1027,77,2,,1,Clear
1507176000,2017-10-05 04:00:00 +0000 UTC,61.16000000000008,55.4,66.2,1027,82,2,,1,Clear
1507179600,2017-10-05 05:00:00 +0000 UTC,60.54800000000002,55.4,68.0,1026,77,1,,1,Clear
1507183200,2017-10-05 06:00:00 +0000 UTC,58.94600000000005,53.6,66.2,1026,82,2,,1,Clear
1507186800,2017-10-05 07:00:00 +0000 UTC,58.56800000000008,55.4,64.4,1025,82,1,,1,Clear
1507190400,2017-10-05 08:00:00 +0000 UTC,57.36200000000006,53.6,64.4,1025,77,1,,1,Clear
1507194000,2017-10-05 09:00:00 +0000 UTC,56.372000000000035,51.8,60.8,1025,93,1,,1,Clear
1507197600,2017-10-05 10:00:00 +0000 UTC,55.958000000000006,51.8,62.6,1025,93,2,,1,Clear
1507201200,2017-10-05 11:00:00 +0000 UTC,55.742,50.0,62.6,1025,87,2,,1,Clear
1507204800,2017-10-05 12:00:00 +0000 UTC,55.04000000000002,50.0,62.6,1025,87,2,,1,Clear
1507208400,2017-10-05 13:00:00 +0000 UTC,56.33600000000007,51.8,62.6,1025,88,1,,1,Clear
1507212000,2017-10-05 14:00:00 +0000 UTC,61.86200000000006,57.2,66.2,1026,82,2,,5,Clear
1507215600,2017-10-05 15:00:00 +0000 UTC,67.658,64.4,71.6,1025,68,2,,1,Clear
1507219200,2017-10-05 16:00:00 +0000 UTC,73.058,69.8,77.0,1025,65,2,,1,Clear
1507222800,2017-10-05 17:00:00 +0000 UTC,76.49600000000005,73.4,80.6,1024,54,3,,1,Clear
1507226400,2017-10-05 18:00:00 +0000 UTC,78.62000000000006,77.0,80.6,1023,54,2,,1,Clear
1507230000,2017-10-05 19:00:00 +0000 UTC,79.7,78.8,80.6,1022,54,3,,1,Clear
1507233600,2017-10-05 20:00:00 +0000 UTC,80.90600000000003,78.8,82.4,1022,48,2,,1,Clear
1507237200,2017-10-05 21:00:00 +0000 UTC,82.00400000000005,80.6,82.4,1021,48,2,,40,Clouds
1507240800,2017-10-05 22:00:00 +0000 UTC,80.76200000000006,78.8,84.2,1021,48,2,,75,Clouds
1507244400,2017-10-05 23:00:00 +0000 UTC,79.16000000000008,77.0,80.6,1021,47,2,,1,Clear
1507248000,2017-10-06 00:00:00 +0000 UTC,76.33399999999999,73.4,78.8,1021,61,2,,1,Clear
1507251600,2017-10-06 01:00:00 +0000 UTC,70.77200000000003,66.2,75.2,1021,69,2,,1,Clear
1507255200,2017-10-06 02:00:00 +0000 UTC,67.316,62.6,71.6,1022,73,2,,75,Clouds
1507258800,2017-10-06 03:00:00 +0000 UTC,65.84000000000002,60.8,71.6,1022,77,2,,1,Clear
1507262400,2017-10-06 04:00:00 +0000 UTC,63.77000000000006,60.8,69.8,1022,77,2,,1,Clear
1507266000,2017-10-06 05:00:00 +0000 UTC,63.104000000000056,57.2,69.8,1021,82,2,,1,Clear
1507269600,2017-10-06 06:00:00 +0000 UTC,61.556000000000026,57.2,64.4,1021,93,2,,1,Clear
1507273200,2017-10-06 07:00:00 +0000 UTC,61.16000000000008,57.2,68.0,1021,82,2,,1,Clear
1507276800,2017-10-06 08:00:00 +0000 UTC,60.76400000000003,55.4,68.0,1021,82,2,,1,Clear
1507280400,2017-10-06 09:00:00 +0000 UTC,59.86400000000003,55.4,66.2,1021,88,2,,1,Clear
1507284000,2017-10-06 10:00:00 +0000 UTC,59.14400000000008,53.6,64.4,1021,93,2,,1,Clear
1507287600,2017-10-06 11:00:00 +0000 UTC,59.14400000000008,55.4,64.4,1021,100,1,,1,Clear
1507291200,2017-10-06 12:00:00 +0000 UTC,59.306000000000026,55.4,64.4,1021,93,1,,1,Clear
1507294800,2017-10-06 13:00:00 +0000 UTC,60.908,55.4,66.2,1021,88,4,,75,Clouds
1507298400,2017-10-06 14:00:00 +0000 UTC,66.16400000000003,62.6,69.8,1021,88,1,,75,Mist
1507302000,2017-10-06 15:00:00 +0000 UTC,70.26800000000009,66.2,73.4,1022,73,2,,20,Clouds
1507305600,2017-10-06 16:00:00 +0000 UTC,74.53399999999999,71.6,77.0,1022,73,3,,40,Clouds
1507309200,2017-10-06 17:00:00 +0000 UTC,78.94400000000007,77.0,80.6,1021,47,3,,40,Clouds
1507312800,2017-10-06 18:00:00 +0000 UTC,80.40200000000007,78.8,82.4,1020,54,2,,40,Clouds
1507316400,2017-10-06 19:00:00 +0000 UTC,80.96000000000008,78.8,82.4,1018,54,4,,40,Clouds
1507320000,2017-10-06 20:00:00 +0000 UTC,82.04000000000002,80.6,84.2,1018,54,4,,40,Clouds
1507323600,2017-10-06 21:00:00 +0000 UTC,82.4,80.6,84.2,1017,58,4,,75,Clouds
1507327200,2017-10-06 22:00:00 +0000 UTC,82.4,80.6,84.2,1017,54,2,,40,Clouds
1507330800,2017-10-06 23:00:00 +0000 UTC,80.6,78.8,82.4,1017,61,1,,1,Clear
1507334400,2017-10-07 00:00:00 +0000 UTC,78.458,75.2,80.6,1017,73,2,,75,Clouds
1507338000,2017-10-07 01:00:00 +0000 UTC,75.56000000000009,73.4,78.8,1018,83,2,,40,Clouds
1507341600,2017-10-07 02:00:00 +0000 UTC,74.48000000000005,73.4,78.8,1018,83,1,,90,Clouds
1507345200,2017-10-07 03:00:00 +0000 UTC,73.20200000000008,71.6,75.2,1018,83,1,,90,Clouds
1507348800,2017-10-07 04:00:00 +0000 UTC,73.4,69.8,77.0,1018,83,2,,90,Clouds
1507352400,2017-10-07 05:00:00 +0000 UTC,73.61600000000001,71.6,77.0,1017,83,2,,75,Clouds
1507356000,2017-10-07 06:00:00 +0000 UTC,73.79600000000005,71.6,75.2,1017,88,2,,1,Clear
1507359600,2017-10-07 07:00:00 +0000 UTC,73.20200000000008,71.6,75.2,1016,78,4,,75,Clouds
1507363200,2017-10-07 08:00:00 +0000 UTC,73.00400000000005,71.6,73.4,1016,94,1,,90,Clouds
1507366800,2017-10-07 09:00:00 +0000 UTC,72.68000000000004,71.6,73.4,1015,88,2,0.3,90,Rain
1507370400,2017-10-07 10:00:00 +0000 UTC,72.59000000000002,71.6,73.4,1016,88,3,,90,Clouds
1507374000,2017-10-07 11:00:00 +0000 UTC,71.99600000000005,71.6,73.4,1016,94,3,,90,Drizzle
1507374000,2017-10-07 11:00:00 +0000 UTC,71.99600000000005,71.6,73.4,1016,94,3,,90,Mist
1507377600,2017-10-07 12:00:00 +0000 UTC,71.6,71.6,71.6,1016,100,2,,90,Drizzle
1507377600,2017-10-07 12:00:00 +0000 UTC,71.6,71.6,71.6,1016,100,2,,90,Mist
1507381200,2017-10-07 13:00:00 +0000 UTC,71.6,69.8,73.4,1017,94,2,0.3,90,Drizzle
1507381200,2017-10-07 13:00:00 +0000 UTC,71.6,69.8,73.4,1017,94,2,0.3,90,Mist
1507381200,2017-10-07 13:00:00 +0000 UTC,71.6,69.8,73.4,1017,94,2,0.3,90,Rain
1507384800,2017-10-07 14:00:00 +0000 UTC,72.32000000000006,71.6,73.4,1018,74,2,,90,Drizzle
1507384800,2017-10-07 14:00:00 +0000 UTC,72.32000000000006,71.6,73.4,1018,74,2,,90,Mist
1507384800,2017-10-07 14:00:00 +0000 UTC,72.32000000000006,71.6,73.4,1018,74,2,,90,Haze
1507388400,2017-10-07 15:00:00 +0000 UTC,73.70600000000003,71.6,77.0,1018,94,3,,90,Mist
1507392000,2017-10-07 16:00:00 +0000 UTC,74.84000000000002,73.4,77.0,1018,83,3,,75,Mist
1507395600,2017-10-07 17:00:00 +0000 UTC,76.83800000000005,73.4,80.6,1017,78,2,,75,Mist
1507399200,2017-10-07 18:00:00 +0000 UTC,79.16000000000008,77.0,82.4,1017,74,4,,75,Clouds
1507402800,2017-10-07 19:00:00 +0000 UTC,81.32000000000006,78.8,84.2,1016,65,3,,90,Clouds
1507406400,2017-10-07 20:00:00 +0000 UTC,80.924,78.8,84.2,1015,69,3,,75,Clouds
1507410000,2017-10-07 21:00:00 +0000 UTC,80.76200000000006,78.8,82.4,1015,74,5,,90,Clouds
1507413600,2017-10-07 22:00:00 +0000 UTC,80.42000000000006,78.8,82.4,1014,83,3,,90,Clouds
1507417200,2017-10-07 23:00:00 +0000 UTC,79.28600000000007,77.0,80.6,1014,88,2,,75,Clouds
1507420800,2017-10-08 00:00:00 +0000 UTC,78.26000000000008,77.0,78.8,1014,94,2,,40,Clouds
1507424400,2017-10-08 01:00:00 +0000 UTC,76.49600000000005,73.4,78.8,1015,100,2,,40,Clouds
1507428000,2017-10-08 02:00:00 +0000 UTC,75.68600000000006,73.4,77.0,1015,100,3,,1,Clear
1507431600,2017-10-08 03:00:00 +0000 UTC,75.52400000000002,73.4,77.0,1015,100,3,,1,Clear
1507435200,2017-10-08 04:00:00 +0000 UTC,75.59600000000005,75.2,77.0,1015,100,3,0.3,40,Rain
1507438800,2017-10-08 05:00:00 +0000 UTC,74.60600000000002,73.4,77.0,1015,88,1,0.3,90,Rain
1507442400,2017-10-08 06:00:00 +0000 UTC,74.21000000000008,73.4,75.2,1014,94,3,0.9,90,Rain
1507446000,2017-10-08 07:00:00 +0000 UTC,74.21000000000008,73.4,75.2,1014,94,3,0.3,90,Drizzle
1507446000,2017-10-08 07:00:00 +0000 UTC,74.21000000000008,73.4,75.2,1014,94,3,0.3,90,Rain
1507449600,2017-10-08 08:00:00 +0000 UTC,74.192,73.4,75.2,1013,94,2,0.9,90,Rain
1507453200,2017-10-08 09:00:00 +0000 UTC,74.192,73.4,75.2,1012,94,3,0.9,90,Rain
1507453200,2017-10-08 09:00:00 +0000 UTC,74.192,73.4,75.2,1012,94,3,0.9,90,Mist
1507453200,2017-10-08 09:00:00 +0000 UTC,74.192,73.4,75.2,1012,94,3,0.9,90,Drizzle
1507456800,2017-10-08 10:00:00 +0000 UTC,74.66000000000008,73.4,77.0,1011,94,4,0.9,90,Rain
1507456800,2017-10-08 10:00:00 +0000 UTC,74.66000000000008,73.4,77.0,1011,94,4,0.9,90,Mist
1507456800,2017-10-08 10:00:00 +0000 UTC,74.66000000000008,73.4,77.0,1011,94,4,0.9,90,Drizzle
1507460400,2017-10-08 11:00:00 +0000 UTC,74.21000000000008,73.4,75.2,1012,94,2,3.0,90,Mist
1507460400,2017-10-08 11:00:00 +0000 UTC,74.21000000000008,73.4,75.2,1012,94,2,3.0,90,Drizzle
1507460400,2017-10-08 11:00:00 +0000 UTC,74.21000000000008,73.4,75.2,1012,94,2,3.0,90,Rain
1507464000,2017-10-08 12:00:00 +0000 UTC,74.12000000000006,73.4,75.2,1011,100,3,3.0,90,Rain
1507464000,2017-10-08 12:00:00 +0000 UTC,74.12000000000006,73.4,75.2,1011,100,3,3.0,90,Mist
1507464000,2017-10-08 12:00:00 +0000 UTC,74.12000000000006,73.4,75.2,1011,100,3,3.0,90,Drizzle
1507467600,2017-10-08 13:00:00 +0000 UTC,74.28200000000001,73.4,75.2,1011,100,3,0.3,90,Rain
1507467600,2017-10-08 13:00:00 +0000 UTC,74.28200000000001,73.4,75.2,1011,100,3,0.3,90,Drizzle
1507467600,2017-10-08 13:00:00 +0000 UTC,74.28200000000001,73.4,75.2,1011,100,3,0.3,90,Mist
1507471200,2017-10-08 14:00:00 +0000 UTC,74.28200000000001,73.4,75.2,1011,94,3,3.0,90,Rain
1507471200,2017-10-08 14:00:00 +0000 UTC,74.28200000000001,73.4,75.2,1011,94,3,3.0,90,Mist
1507474800,2017-10-08 15:00:00 +0000 UTC,74.39000000000001,73.4,75.2,1011,94,4,3.0,90,Rain
1507474800,2017-10-08 15:00:00 +0000 UTC,74.39000000000001,73.4,75.2,1011,94,4,3.0,90,Mist
1507478400,2017-10-08 16:00:00 +0000 UTC,74.39000000000001,73.4,75.2,1011,100,5,0.9,90,Rain
1507478400,2017-10-08 16:00:00 +0000 UTC,74.39000000000001,73.4,75.2,1011,100,5,0.9,90,Mist
1507482000,2017-10-08 17:00:00 +0000 UTC,74.53399999999999,73.4,77.0,1011,94,6,0.9,90,Rain
1507482000,2017-10-08 17:00:00 +0000 UTC,74.53399999999999,73.4,77.0,1011,94,6,0.9,90,Mist
1507485600,2017-10-08 18:00:00 +0000 UTC,74.84000000000002,73.4,77.0,1010,88,6,0.9,90,Rain
1507485600,2017-10-08 18:00:00 +0000 UTC,74.84000000000002,73.4,77.0,1010,88,6,0.9,90,Mist
1507489200,2017-10-08 19:00:00 +0000 UTC,73.22000000000006,71.6,75.2,1008,94,2,0.9,75,Rain
1507489200,2017-10-08 19:00:00 +0000 UTC,73.22000000000006,71.6,75.2,1008,94,2,0.9,75,Mist
1507492800,2017-10-08 20:00:00 +0000 UTC,73.22000000000006,71.6,75.2,1007,94,8,3.0,90,Rain
1507492800,2017-10-08 20:00:00 +0000 UTC,73.22000000000006,71.6,75.2,1007,94,8,3.0,90,Mist
1507496400,2017-10-08 21:00:00 +0000 UTC,73.72400000000002,71.6,77.0,1006,94,4,0.9,90,Rain
1507496400,2017-10-08 21:00:00 +0000 UTC,73.72400000000002,71.6,77.0,1006,94,4,0.9,90,Mist
1507496400,2017-10-08 21:00:00 +0000 UTC,73.72400000000002,71.6,77.0,1006,94,4,0.9,90,Drizzle
1507500000,2017-10-08 22:00:00 +0000 UTC,74.858,71.6,77.0,1006,88,6,0.9,90,Rain
1507500000,2017-10-08 22:00:00 +0000 UTC,74.858,71.6,77.0,1006,88,6,0.9,90,Mist
1507503600,2017-10-08 23:00:00 +0000 UTC,75.2,73.4,77.0,1007,94,8,0.9,90,Rain
1507503600,2017-10-08 23:00:00 +0000 UTC,75.2,73.4,77.0,1007,94,8,0.9,90,Mist
1507507200,2017-10-09 00:00:00 +0000 UTC,74.69600000000005,73.4,77.0,1007,88,6,0.9,90,Rain
1507507200,2017-10-09 00:00:00 +0000 UTC,74.69600000000005,73.4,77.0,1007,88,6,0.9,90,Mist
1507510800,2017-10-09 01:00:00 +0000 UTC,74.858,73.4,77.0,1008,92,2,0.3,90,Rain
1507514400,2017-10-09 02:00:00 +0000 UTC,75.02000000000007,73.4,77.0,1009,97,2,0.3,90,Drizzle
1507514400,2017-10-09 02:00:00 +0000 UTC,75.02000000000007,73.4,77.0,1009,97,2,0.3,90,Rain
1507514400,2017-10-09 02:00:00 +0000 UTC,75.02000000000007,73.4,77.0,1009,97,2,0.3,90,Mist
1507518000,2017-10-09 03:00:00 +0000 UTC,75.2,73.4,77.0,1010,94,3,0.9,90,Drizzle
1507518000,2017-10-09 03:00:00 +0000 UTC,75.2,73.4,77.0,1010,94,3,0.9,90,Rain
1507518000,2017-10-09 03:00:00 +0000 UTC,75.2,73.4,77.0,1010,94,3,0.9,90,Mist
1507521600,2017-10-09 04:00:00 +0000 UTC,75.02000000000007,73.4,77.0,1011,88,6,0.3,90,Rain
1507525200,2017-10-09 05:00:00 +0000 UTC,74.84000000000002,73.4,77.0,1011,94,3,,90,Clouds
1507528800,2017-10-09 06:00:00 +0000 UTC,74.82200000000003,73.4,77.0,1012,94,2,,90,Clouds
1507532400,2017-10-09 07:00:00 +0000 UTC,74.21000000000008,73.4,75.2,1012,94,3,,90,Clouds
1507536000,2017-10-09 08:00:00 +0000 UTC,74.192,73.4,75.2,1012,94,1,,90,Drizzle
1507539600,2017-10-09 09:00:00 +0000 UTC,74.01200000000006,73.4,75.2,1013,100,1,,90,Clouds
1507543200,2017-10-09 10:00:00 +0000 UTC,73.41800000000009,71.6,75.2,1013,100,3,0.9,75,Rain
1507543200,2017-10-09 10:00:00 +0000 UTC,73.41800000000009,71.6,75.2,1013,100,3,0.9,75,Mist
1507546800,2017-10-09 11:00:00 +0000 UTC,74.12000000000006,71.6,77.0,1014,88,2,0.3,90,Mist
1507546800,2017-10-09 11:00:00 +0000 UTC,74.12000000000006,71.6,77.0,1014,88,2,0.3,90,Rain
1507546800,2017-10-09 11:00:00 +0000 UTC,74.12000000000006,71.6,77.0,1014,88,2,0.3,90,Haze
1507550400,2017-10-09 12:00:00 +0000 UTC,73.58000000000004,73.4,75.2,1015,100,1,0.3,90,Rain
1507550400,2017-10-09 12:00:00 +0000 UTC,73.58000000000004,73.4,75.2,1015,100,1,0.3,90,Mist
1507550400,2017-10-09 12:00:00 +0000 UTC,73.58000000000004,73.4,75.2,1015,100,1,0.3,90,Thunderstorm
1507554000,2017-10-09 13:00:00 +0000 UTC,73.58000000000004,73.4,75.2,1016,100,2,3.0,90,Thunderstorm
1507554000,2017-10-09 13:00:00 +0000 UTC,73.58000000000004,73.4,75.2,1016,100,2,3.0,90,Mist
1507554000,2017-10-09 13:00:00 +0000 UTC,73.58000000000004,73.4,75.2,1016,100,2,3.0,90,Rain
1507557600,2017-10-09 14:00:00 +0000 UTC,73.76000000000008,73.4,75.2,1016,94,2,0.9,90,Rain
1507557600,2017-10-09 14:00:00 +0000 UTC,73.76000000000008,73.4,75.2,1016,94,2,0.9,90,Mist
1507561200,2017-10-09 15:00:00 +0000 UTC,74.12000000000006,73.4,75.2,1017,94,2,0.9,90,Rain
1507561200,2017-10-09 15:00:00 +0000 UTC,74.12000000000006,73.4,75.2,1017,94,2,0.9,90,Mist
1507564800,2017-10-09 16:00:00 +0000 UTC,74.3,71.6,77.0,1016,94,2,0.9,75,Rain
1507564800,2017-10-09 16:00:00 +0000 UTC,74.3,71.6,77.0,1016,94,2,0.9,75,Mist
1507568400,2017-10-09 17:00:00 +0000 UTC,75.52400000000002,73.4,78.8,1017,94,1,0.3,90,Rain
1507568400,2017-10-09 17:00:00 +0000 UTC,75.52400000000002,73.4,78.8,1017,94,1,0.3,90,Mist
1507572000,2017-10-09 18:00:00 +0000 UTC,76.35200000000007,73.4,80.6,1016,94,3,0.3,90,Rain
1507572000,2017-10-09 18:00:00 +0000 UTC,76.35200000000007,73.4,80.6,1016,94,3,0.3,90,Mist
1507575600,2017-10-09 19:00:00 +0000 UTC,76.98200000000001,73.4,82.4,1016,94,3,0.3,75,Rain
1507575600,2017-10-09 19:00:00 +0000 UTC,76.98200000000001,73.4,82.4,1016,94,3,0.3,75,Mist
1507579200,2017-10-09 20:00:00 +0000 UTC,77.50400000000005,73.4,82.4,1015,100,1,0.9,90,Rain
1507579200,2017-10-09 20:00:00 +0000 UTC,77.50400000000005,73.4,82.4,1015,100,1,0.9,90,Mist
1507582800,2017-10-09 21:00:00 +0000 UTC,78.00800000000001,73.4,82.4,1015,100,2,,90,Mist
1507582800,2017-10-09 21:00:00 +0000 UTC,78.00800000000001,73.4,82.4,1015,100,2,,90,Drizzle
1507586400,2017-10-09 22:00:00 +0000 UTC,77.50400000000005,75.2,80.6,1015,88,3,,75,Mist
1507586400,2017-10-09 22:00:00 +0000 UTC,77.50400000000005,75.2,80.6,1015,88,3,,75,Drizzle
1507590000,2017-10-09 23:00:00 +0000 UTC,76.19000000000003,73.4,78.8,1015,100,1,,90,Mist
1507593600,2017-10-10 00:00:00 +0000 UTC,75.2,73.4,77.0,1016,94,2,,75,Mist
1507593600,2017-10-10 00:00:00 +0000 UTC,75.2,73.4,77.0,1016,94,2,,75,Drizzle
1507597200,2017-10-10 01:00:00 +0000 UTC,74.84000000000002,73.4,77.0,1017,100,1,0.3,90,Mist
1507597200,2017-10-10 01:00:00 +0000 UTC,74.84000000000002,73.4,77.0,1017,100,1,0.3,90,Rain
1507600800,2017-10-10 02:00:00 +0000 UTC,74.84000000000002,73.4,77.0,1017,100,1,0.3,90,Rain
1507600800,2017-10-10 02:00:00 +0000 UTC,74.84000000000002,73.4,77.0,1017,100,1,0.3,90,Mist
1507600800,2017-10-10 02:00:00 +0000 UTC,74.84000000000002,73.4,77.0,1017,100,1,0.3,90,Drizzle
1507600800,2017-10-10 02:00:00 +0000 UTC,74.84000000000002,73.4,77.0,1017,100,1,0.3,90,Haze
1507604400,2017-10-10 03:00:00 +0000 UTC,74.192,73.4,75.2,1018,94,2,0.3,90,Mist
1507604400,2017-10-10 03:00:00 +0000 UTC,74.192,73.4,75.2,1018,94,2,0.3,90,Rain
1507608000,2017-10-10 04:00:00 +0000 UTC,74.12000000000006,71.6,77.0,1018,100,1,,40,Mist
1507608000,2017-10-10 04:00:00 +0000 UTC,74.12000000000006,71.6,77.0,1018,100,1,,40,Haze
1507608000,2017-10-10 04:00:00 +0000 UTC,74.12000000000006,71.6,77.0,1018,100,1,,40,Drizzle
1507611600,2017-10-10 05:00:00 +0000 UTC,73.61600000000001,71.6,75.2,1018,100,1,,75,Mist
1507615200,2017-10-10 06:00:00 +0000 UTC,73.20200000000008,71.6,73.4,1018,100,2,,90,Mist
1507615200,2017-10-10 06:00:00 +0000 UTC,73.20200000000008,71.6,73.4,1018,100,2,,90,Fog
1507618800,2017-10-10 07:00:00 +0000 UTC,73.20200000000008,71.6,73.4,1018,94,2,,90,Mist
1507618800,2017-10-10 07:00:00 +0000 UTC,73.20200000000008,71.6,73.4,1018,94,2,,90,Fog
1507622400,2017-10-10 08:00:00 +0000 UTC,72.98600000000008,71.6,73.4,1018,100,1,,75,Mist
1507622400,2017-10-10 08:00:00 +0000 UTC,72.98600000000008,71.6,73.4,1018,100,1,,75,Fog
1507626000,2017-10-10 09:00:00 +0000 UTC,73.00400000000005,71.6,73.4,1018,100,1,,90,Mist
1507629600,2017-10-10 10:00:00 +0000 UTC,73.04000000000002,71.6,75.2,1019,100,1,,90,Mist
1507629600,2017-10-10 10:00:00 +0000 UTC,73.04000000000002,71.6,75.2,1019,100,1,,90,Fog
1507633200,2017-10-10 11:00:00 +0000 UTC,73.00400000000005,71.6,75.2,1019,94,1,,90,Mist
1507633200,2017-10-10 11:00:00 +0000 UTC,73.00400000000005,71.6,75.2,1019,94,1,,90,Fog
1507636800,2017-10-10 12:00:00 +0000 UTC,72.57200000000003,69.8,75.2,1019,100,2,,90,Mist
1507636800,2017-10-10 12:00:00 +0000 UTC,72.57200000000003,69.8,75.2,1019,100,2,,90,Fog
1507640400,2017-10-10 13:00:00 +0000 UTC,72.68000000000004,71.6,73.4,1020,100,1,,90,Mist
1507640400,2017-10-10 13:00:00 +0000 UTC,72.68000000000004,71.6,73.4,1020,100,1,,90,Fog
1507644000,2017-10-10 14:00:00 +0000 UTC,73.4,71.6,75.2,1020,94,1,,90,Mist
1507644000,2017-10-10 14:00:00 +0000 UTC,73.4,71.6,75.2,1020,94,1,,90,Fog
1507647600,2017-10-10 15:00:00 +0000 UTC,75.02000000000007,73.4,77.0,1020,94,1,,75,Mist
1507647600,2017-10-10 15:00:00 +0000 UTC,75.02000000000007,73.4,77.0,1020,94,1,,75,Fog
1507651200,2017-10-10 16:00:00 +0000 UTC,77.99000000000002,75.2,78.8,1020,78,1,,75,Mist
1507654800,2017-10-10 17:00:00 +0000 UTC,80.6,78.8,82.4,1020,83,1,,90,Clouds
1507658400,2017-10-10 18:00:00 +0000 UTC,83.3,82.4,84.2,1019,70,3,,75,Clouds
1507662000,2017-10-10 19:00:00 +0000 UTC,84.50600000000003,82.4,87.8,1019,62,2,,40,Clouds
1507665600,2017-10-10 20:00:00 +0000 UTC,85.28000000000004,84.2,87.8,1019,70,2,,40,Clouds
1507669200,2017-10-10 21:00:00 +0000 UTC,86.39600000000004,84.2,87.8,1019,66,2,,75,Clouds
1507672800,2017-10-10 22:00:00 +0000 UTC,85.46000000000008,84.2,86.0,1018,66,2,,40,Clouds
1507676400,2017-10-10 23:00:00 +0000 UTC,83.66000000000008,82.4,84.2,1019,74,1,,1,Clear
1507680000,2017-10-11 00:00:00 +0000 UTC,80.42000000000006,78.8,82.4,1019,83,1,,1,Clear
1507683600,2017-10-11 01:00:00 +0000 UTC,76.64000000000001,75.2,78.8,1019,88,1,,1,Clear
1507687200,2017-10-11 02:00:00 +0000 UTC,73.83200000000002,71.6,77.0,1019,83,2,,1,Mist
1507690800,2017-10-11 03:00:00 +0000 UTC,71.99600000000005,69.8,75.2,1019,100,2,,1,Mist
1507694400,2017-10-11 04:00:00 +0000 UTC,70.98800000000004,69.8,75.2,1019,100,2,,1,Mist
1507698000,2017-10-11 05:00:00 +0000 UTC,70.17800000000007,66.2,75.2,1019,100,1,,20,Mist
1507701600,2017-10-11 06:00:00 +0000 UTC,69.20600000000003,66.2,73.4,1019,100,1,,75,Mist
1507705200,2017-10-11 07:00:00 +0000 UTC,68.99000000000002,66.2,73.4,1019,100,1,,90,Fog
1507705200,2017-10-11 07:00:00 +0000 UTC,68.99000000000002,66.2,73.4,1019,100,1,,90,Mist
1507708800,2017-10-11 08:00:00 +0000 UTC,68.39600000000004,66.2,73.4,1018,100,1,,75,Mist
1507712400,2017-10-11 09:00:00 +0000 UTC,68.99000000000002,66.2,73.4,1018,100,1,0.3,90,Mist
1507712400,2017-10-11 09:00:00 +0000 UTC,68.99000000000002,66.2,73.4,1018,100,1,0.3,90,Rain
1507716000,2017-10-11 10:00:00 +0000 UTC,68.9,66.2,71.6,1018,100,2,,90,Mist
1507719600,2017-10-11 11:00:00 +0000 UTC,70.19600000000005,68.0,73.4,1019,94,1,0.3,90,Mist
1507719600,2017-10-11 11:00:00 +0000 UTC,70.19600000000005,68.0,73.4,1019,94,1,0.3,90,Rain
1507723200,2017-10-11 12:00:00 +0000 UTC,70.52000000000007,68.0,73.4,1019,100,1,,90,Mist
1507726800,2017-10-11 13:00:00 +0000 UTC,71.42000000000006,68.0,75.2,1019,94,1,0.3,90,Rain
1507726800,2017-10-11 13:00:00 +0000 UTC,71.42000000000006,68.0,75.2,1019,94,1,0.3,90,Mist
1507730400,2017-10-11 14:00:00 +0000 UTC,73.85,71.6,78.8,1019,78,1,,75,Mist
1507734000,2017-10-11 15:00:00 +0000 UTC,77.14400000000008,75.2,80.6,1019,74,1,,75,Clouds
1507737600,2017-10-11 16:00:00 +0000 UTC,80.24000000000002,78.8,82.4,1019,74,5,,75,Clouds
1507741200,2017-10-11 17:00:00 +0000 UTC,80.78000000000004,78.8,84.2,1020,83,2,,75,Clouds
1507744800,2017-10-11 18:00:00 +0000 UTC,83.39000000000001,80.6,86.0,1020,70,4,,75,Clouds
1507748400,2017-10-11 19:00:00 +0000 UTC,83.39000000000001,80.6,86.0,1019,74,2,,75,Clouds
1507752000,2017-10-11 20:00:00 +0000 UTC,84.18200000000002,82.4,87.8,1019,74,2,,40,Clouds
1507755600,2017-10-11 21:00:00 +0000 UTC,85.26200000000006,82.4,87.8,1019,70,3,,40,Haze
1507759200,2017-10-11 22:00:00 +0000 UTC,85.33399999999999,82.4,87.8,1018,74,2,,40,Haze
1507762800,2017-10-11 23:00:00 +0000 UTC,83.84000000000002,82.4,86.0,1018,83,2,,1,Haze
1507766400,2017-10-12 00:00:00 +0000 UTC,80.11400000000003,77.0,82.4,1018,100,2,,1,Clear
1507770000,2017-10-12 01:00:00 +0000 UTC,76.82000000000006,73.4,80.6,1019,100,2,,1,Clear
1507773600,2017-10-12 02:00:00 +0000 UTC,74.10200000000007,71.6,75.2,1019,100,1,,1,Mist
1507777200,2017-10-12 03:00:00 +0000 UTC,72.78800000000004,71.6,73.4,1019,93,1,,1,Mist
1507777200,2017-10-12 03:00:00 +0000 UTC,72.78800000000004,71.6,73.4,1019,93,1,,1,Haze
1507780800,2017-10-12 04:00:00 +0000 UTC,72.12200000000004,69.8,75.2,1019,93,1,,1,Haze
1507780800,2017-10-12 04:00:00 +0000 UTC,72.12200000000004,69.8,75.2,1019,93,1,,1,Mist
1507784400,2017-10-12 05:00:00 +0000 UTC,71.06000000000009,66.2,75.2,1019,91,1,,1,Mist
1507788000,2017-10-12 06:00:00 +0000 UTC,70.17800000000007,66.2,73.4,1018,100,1,,1,Mist
1507791600,2017-10-12 07:00:00 +0000 UTC,70.39400000000008,68.0,73.4,1017,100,1,,1,Mist
1507795200,2017-10-12 08:00:00 +0000 UTC,69.09800000000003,66.2,71.6,1017,100,2,,1,Mist
1507795200,2017-10-12 08:00:00 +0000 UTC,69.09800000000003,66.2,71.6,1017,100,2,,1,Fog
1507798800,2017-10-12 09:00:00 +0000 UTC,69.08000000000004,66.2,71.6,1018,93,2,,1,Mist
1507798800,2017-10-12 09:00:00 +0000 UTC,69.08000000000004,66.2,71.6,1018,93,2,,1,Fog
1507802400,2017-10-12 10:00:00 +0000 UTC,68.81000000000009,66.2,69.8,1018,93,2,,20,Mist
1507802400,2017-10-12 10:00:00 +0000 UTC,68.81000000000009,66.2,69.8,1018,93,2,,20,Haze
1507802400,2017-10-12 10:00:00 +0000 UTC,68.81000000000009,66.2,69.8,1018,93,2,,20,Fog
1507806000,2017-10-12 11:00:00 +0000 UTC,67.62200000000004,64.4,69.8,1018,100,1,,75,Mist
1507806000,2017-10-12 11:00:00 +0000 UTC,67.62200000000004,64.4,69.8,1018,100,1,,75,Fog
1507809600,2017-10-12 12:00:00 +0000 UTC,67.02800000000006,64.4,69.8,1019,93,1,,75,Mist
1507809600,2017-10-12 12:00:00 +0000 UTC,67.02800000000006,64.4,69.8,1019,93,1,,75,Fog
1507813200,2017-10-12 13:00:00 +0000 UTC,66.36200000000005,64.4,68.0,1019,100,1,,90,Mist
1507813200,2017-10-12 13:00:00 +0000 UTC,66.36200000000005,64.4,68.0,1019,100,1,,90,Fog
1507816800,2017-10-12 14:00:00 +0000 UTC,69.44000000000003,66.2,73.4,1020,100,2,,90,Mist
1507816800,2017-10-12 14:00:00 +0000 UTC,69.44000000000003,66.2,73.4,1020,100,2,,90,Fog
1507820400,2017-10-12 15:00:00 +0000 UTC,70.86200000000005,64.4,77.0,1020,77,1,,90,Haze
1507820400,2017-10-12 15:00:00 +0000 UTC,70.86200000000005,64.4,77.0,1020,77,1,,90,Mist
1507820400,2017-10-12 15:00:00 +0000 UTC,70.86200000000005,64.4,77.0,1020,77,1,,90,Fog
1507824000,2017-10-12 16:00:00 +0000 UTC,75.59600000000005,69.8,80.6,1020,83,2,,90,Mist
1507827600,2017-10-12 17:00:00 +0000 UTC,77.52200000000003,71.6,82.4,1020,78,3,,40,Clouds
1507831200,2017-10-12 18:00:00 +0000 UTC,80.96000000000008,75.2,84.2,1020,69,2,,1,Clear
1507834800,2017-10-12 19:00:00 +0000 UTC,82.94000000000003,78.8,86.0,1019,61,2,,1,Clear
1507838400,2017-10-12 20:00:00 +0000 UTC,84.34400000000008,80.6,87.8,1019,55,1,,1,Clear
1507842000,2017-10-12 21:00:00 +0000 UTC,85.01000000000008,82.4,87.8,1018,51,1,,1,Clear
1507845600,2017-10-12 22:00:00 +0000 UTC,84.52400000000002,80.6,87.8,1018,58,1,,1,Clear
1507849200,2017-10-12 23:00:00 +0000 UTC,81.75200000000008,77.0,86.0,1018,78,1,,1,Clear
1507852800,2017-10-13 00:00:00 +0000 UTC,76.49600000000005,69.8,80.6,1019,83,1,,1,Clear
1507856400,2017-10-13 01:00:00 +0000 UTC,71.00600000000003,68.0,73.4,1019,83,1,,1,Clear
1507860000,2017-10-13 02:00:00 +0000 UTC,67.24400000000007,62.6,71.6,1020,78,1,,1,Clear
1507863600,2017-10-13 03:00:00 +0000 UTC,66.99199999999999,62.6,73.4,1020,78,1,,1,Clear
1507867200,2017-10-13 04:00:00 +0000 UTC,65.984,60.8,73.4,1020,73,1,,1,Clear
1507870800,2017-10-13 05:00:00 +0000 UTC,64.00400000000005,59.0,71.6,1020,83,1,,1,Clear
1507874400,2017-10-13 06:00:00 +0000 UTC,63.64400000000008,59.0,69.8,1020,94,1,,1,Mist
1507878000,2017-10-13 07:00:00 +0000 UTC,62.924000000000014,57.2,69.8,1020,88,1,,1,Clear
1507881600,2017-10-13 08:00:00 +0000 UTC,64.184,60.8,68.0,1020,88,1,,1,Mist
1507885200,2017-10-13 09:00:00 +0000 UTC,64.56200000000005,60.8,68.0,1020,93,2,,90,Mist
1507888800,2017-10-13 10:00:00 +0000 UTC,66.39800000000002,64.4,69.8,1021,100,1,,90,Mist
1507892400,2017-10-13 11:00:00 +0000 UTC,66.99199999999999,64.4,69.8,1021,100,2,,90,Mist
1507892400,2017-10-13 11:00:00 +0000 UTC,66.99199999999999,64.4,69.8,1021,100,2,,90,Fog
1507896000,2017-10-13 12:00:00 +0000 UTC,68.81000000000009,64.4,71.6,1021,100,2,0.3,90,Mist
1507896000,2017-10-13 12:00:00 +0000 UTC,68.81000000000009,64.4,71.6,1021,100,2,0.3,90,Fog
1507896000,2017-10-13 12:00:00 +0000 UTC,68.81000000000009,64.4,71.6,1021,100,2,0.3,90,Rain
1507899600,2017-10-13 13:00:00 +0000 UTC,70.7,68.0,71.6,1022,94,3,,0,Mist
1507903200,2017-10-13 14:00:00 +0000 UTC,71.42000000000006,69.8,73.4,1023,77,2,,90,Mist
1507906800,2017-10-13 15:00:00 +0000 UTC,73.76000000000008,73.4,75.2,1024,77,2,,90,Mist
1507910400,2017-10-13 16:00:00 +0000 UTC,75.52400000000002,71.6,78.8,1024,94,3,,90,Mist
1507914000,2017-10-13 17:00:00 +0000 UTC,76.11800000000008,73.4,78.8,1024,88,1,,90,Mist
1507917600,2017-10-13 18:00:00 +0000 UTC,77.81000000000009,73.4,84.2,1023,74,1,,90,Mist
1507921200,2017-10-13 19:00:00 +0000 UTC,79.7,77.0,82.4,1022,74,3,,75,Clouds
1507924800,2017-10-13 20:00:00 +0000 UTC,80.942,78.8,82.4,1022,58,2,,75,Clouds
1507928400,2017-10-13 21:00:00 +0000 UTC,81.734,78.8,84.2,1022,74,2,,75,Clouds
1507932000,2017-10-13 22:00:00 +0000 UTC,81.75200000000008,78.8,84.2,1022,74,2,,75,Clouds
1507935600,2017-10-13 23:00:00 +0000 UTC,80.43800000000005,77.0,84.2,1022,83,2,,40,Clouds
1507939200,2017-10-14 00:00:00 +0000 UTC,77.9,75.2,80.6,1021,69,2,,1,Clear
1507942800,2017-10-14 01:00:00 +0000 UTC,78.35360000000001,78.35360000000001,78.35360000000001,1000,55,2,,36,Clouds
1507946400,2017-10-14 02:00:00 +0000 UTC,73.25600000000003,69.8,75.2,1023,83,5,,40,Clouds
1507950000,2017-10-14 03:00:00 +0000 UTC,72.392,71.6,73.4,1024,83,2,,90,Clouds
1507953600,2017-10-14 04:00:00 +0000 UTC,71.96000000000008,69.8,73.4,1024,88,2,,90,Clouds
1507957200,2017-10-14 05:00:00 +0000 UTC,71.6,69.8,73.4,1024,88,2,,90,Clouds
1507960800,2017-10-14 06:00:00 +0000 UTC,71.22200000000004,69.8,73.4,1024,100,3,,90,Clouds
1507964400,2017-10-14 07:00:00 +0000 UTC,71.20400000000005,69.8,73.4,1024,83,1,,90,Clouds
1507968000,2017-10-14 08:00:00 +0000 UTC,70.592,69.8,71.6,1024,83,2,,90,Clouds
1507971600,2017-10-14 09:00:00 +0000 UTC,70.39400000000008,69.8,71.6,1023,83,2,,90,Clouds
1507975200,2017-10-14 10:00:00 +0000 UTC,69.60200000000007,68.0,71.6,1024,88,2,,90,Clouds
1507978800,2017-10-14 11:00:00 +0000 UTC,69.44000000000003,68.0,71.6,1025,82,2,,90,Clouds
1507982400,2017-10-14 12:00:00 +0000 UTC,68.97200000000004,66.2,71.6,1025,88,4,,90,Clouds
1507986000,2017-10-14 13:00:00 +0000 UTC,68.97200000000004,66.2,71.6,1025,88,1,,90,Clouds
1507989600,2017-10-14 14:00:00 +0000 UTC,69.08000000000004,68.0,69.8,1025,94,3,,90,Clouds
1507993200,2017-10-14 15:00:00 +0000 UTC,69.44000000000003,68.0,69.8,1026,83,2,,90,Clouds
1507996800,2017-10-14 16:00:00 +0000 UTC,69.8,69.8,69.8,1026,77,2,,90,Clouds
1508000400,2017-10-14 17:00:00 +0000 UTC,70.7,69.8,71.6,1026,100,2,,90,Clouds
1508004000,2017-10-14 18:00:00 +0000 UTC,71.6,69.8,73.4,1025,83,2,,90,Clouds
1508007600,2017-10-14 19:00:00 +0000 UTC,71.6,71.6,71.6,1023,88,2,,90,Clouds
1508011200,2017-10-14 20:00:00 +0000 UTC,72.75200000000008,71.6,73.4,1023,94,1,,90,Clouds
1508014800,2017-10-14 21:00:00 +0000 UTC,73.94000000000003,73.4,75.2,1022,64,1,,75,Clouds
1508018400,2017-10-14 22:00:00 +0000 UTC,73.4,73.4,73.4,1022,73,1,,40,Clouds
1508022000,2017-10-14 23:00:00 +0000 UTC,72.87800000000007,71.6,73.4,1022,78,2,,75,Clouds
1508025600,2017-10-15 00:00:00 +0000 UTC,70.77200000000003,69.8,71.6,1022,83,1,,40,Clouds
